index,name,category,canonical_name,alias_of,platform,winget_id,winget_id_verified,resolution_status,package_resolution_safe,detection_strategy,expected_scope,installer_type,uninstall_strategy,uninstall_support,system_component,physical_test_required,unresolved_reason
0,Google Chrome,BÖNGÉSZŐK,Google Chrome,,windows,Google.Chrome,true,hardcoded_id_verified,true,exact-package-id -> exact-display-alias -> strict-registry-alias,dynamic,unknown,RuntimeDetect,conditional,false,true,
1,Mozilla Firefox,BÖNGÉSZŐK,Mozilla Firefox,,windows,Mozilla.Firefox,true,hardcoded_id_verified,true,exact-package-id -> exact-display-alias -> strict-registry-alias,dynamic,unknown,RuntimeDetect,conditional,false,true,
2,Microsoft Edge,BÖNGÉSZŐK,Microsoft Edge,,windows,Microsoft.Edge,true,hardcoded_id_verified,true,exact-package-id -> exact-display-alias -> strict-registry-alias,dynamic,unknown,SystemComponentUnsupported,unsupported,true,true,
3,Brave,BÖNGÉSZŐK,Brave,,windows,Brave.Brave,true,hardcoded_id_verified,true,exact-package-id -> exact-display-alias -> strict-registry-alias,dynamic,unknown,RuntimeDetect,conditional,false,true,
4,Opera,BÖNGÉSZŐK,Opera,,windows,Opera.Opera,true,hardcoded_id_verified,true,exact-package-id -> exact-display-alias -> strict-registry-alias,dynamic,unknown,RuntimeDetect,conditional,false,true,
5,Vivaldi,BÖNGÉSZŐK,Vivaldi,,windows,Vivaldi.Vivaldi,true,hardcoded_id_verified,true,exact-package-id -> exact-display-alias -> strict-registry-alias,dynamic,unknown,RuntimeDetect,conditional,false,true,
6,Zoom,KOMMUNIKÁCIÓ,Zoom,,windows,Zoom.Zoom,true,hardcoded_id_verified,true,exact-package-id -> exact-display-alias -> strict-registry-alias,dynamic,unknown,RuntimeDetect,conditional,false,true,
7,Discord,KOMMUNIKÁCIÓ,Discord,,windows,Discord.Discord,true,hardcoded_id_verified,true,exact-package-id -> exact-display-alias -> strict-registry-alias,dynamic,unknown,RuntimeDetect,conditional,false,true,
8,Microsoft Teams,KOMMUNIKÁCIÓ,Microsoft Teams,,windows,Microsoft.Teams,true,hardcoded_id_verified,true,exact-package-id -> exact-display-alias -> strict-registry-alias,dynamic,unknown,RuntimeDetect,conditional,false,true,
9,Pidgin,KOMMUNIKÁCIÓ,Pidgin,,windows,,false,exact_name_verified,true,exact-package-id -> exact-display-alias -> strict-registry-alias,dynamic,unknown,RuntimeDetect,conditional,false,true,
10,Mozilla Thunderbird,KOMMUNIKÁCIÓ,Mozilla Thunderbird,,windows,Mozilla.Thunderbird,true,hardcoded_id_verified,true,exact-package-id -> exact-display-alias -> strict-registry-alias,dynamic,unknown,RuntimeDetect,conditional,false,true,
11,Trillian,KOMMUNIKÁCIÓ,Trillian,,windows,,false,exact_name_verified,true,exact-package-id -> exact-display-alias -> strict-registry-alias,dynamic,unknown,RuntimeDetect,conditional,false,true,
12,Telegram Desktop,KOMMUNIKÁCIÓ,Telegram Desktop,,windows,Telegram.TelegramDesktop,true,hardcoded_id_verified,true,exact-package-id -> exact-display-alias -> strict-registry-alias,dynamic,unknown,RuntimeDetect,conditional,false,true,
13,iTunes,MÉDIA / ZENE / VIDEÓ,iTunes,,windows,,false,exact_name_verified,true,exact-package-id -> exact-display-alias -> strict-registry-alias,dynamic,unknown,RuntimeDetect,conditional,false,true,
14,VLC Media Player,MÉDIA / ZENE / VIDEÓ,VLC Media Player,,windows,VideoLAN.VLC,true,hardcoded_id_verified,true,exact-package-id -> exact-display-alias -> strict-registry-alias,dynamic,unknown,RuntimeDetect,conditional,false,true,
15,AIMP,MÉDIA / ZENE / VIDEÓ,AIMP,,windows,,false,exact_name_verified,true,exact-package-id -> exact-display-alias -> strict-registry-alias,dynamic,unknown,RuntimeDetect,conditional,false,true,
16,foobar2000,MÉDIA / ZENE / VIDEÓ,foobar2000,,windows,,false,exact_name_verified,true,exact-package-id -> exact-display-alias -> strict-registry-alias,dynamic,unknown,RuntimeDetect,conditional,false,true,
17,Winamp,MÉDIA / ZENE / VIDEÓ,Winamp,,windows,,false,exact_name_verified,true,exact-package-id -> exact-display-alias -> strict-registry-alias,dynamic,unknown,RuntimeDetect,conditional,false,true,
18,MusicBee,MÉDIA / ZENE / VIDEÓ,MusicBee,,windows,,false,runtime_exact_required,true,exact-package-id -> exact-display-alias -> strict-registry-alias,dynamic,unknown,RuntimeDetect,conditional,false,true,no static package ID; exact runtime source resolution is required before install or uninstall
19,Audacity,MÉDIA / ZENE / VIDEÓ,Audacity,,windows,Audacity.Audacity,true,hardcoded_id_verified,true,exact-package-id -> exact-display-alias -> strict-registry-alias,dynamic,unknown,RuntimeDetect,conditional,false,true,
20,K-Lite Codec Pack,MÉDIA / ZENE / VIDEÓ,K-Lite Codec Pack,,windows,,false,runtime_exact_required,true,exact-package-id -> exact-display-alias -> strict-registry-alias,dynamic,unknown,RuntimeDetect,conditional,false,true,no static package ID; exact runtime source resolution is required before install or uninstall
21,GOM Player,MÉDIA / ZENE / VIDEÓ,GOM Player,,windows,,false,exact_name_verified,true,exact-package-id -> exact-display-alias -> strict-registry-alias,dynamic,unknown,RuntimeDetect,conditional,false,true,
22,Spotify,MÉDIA / ZENE / VIDEÓ,Spotify,,windows,Spotify.Spotify,true,hardcoded_id_verified,true,exact-package-id -> exact-display-alias -> strict-registry-alias,dynamic,unknown,RuntimeDetect,conditional,false,true,
23,Combined Community Codec Pack (CCCP),MÉDIA / ZENE / VIDEÓ,Combined Community Codec Pack (CCCP),,windows,,false,runtime_exact_required,true,exact-package-id -> exact-display-alias -> strict-registry-alias,dynamic,unknown,RuntimeDetect,conditional,false,true,no static package ID; exact runtime source resolution is required before install or uninstall
24,MediaMonkey,MÉDIA / ZENE / VIDEÓ,MediaMonkey,,windows,,false,runtime_exact_required,true,exact-package-id -> exact-display-alias -> strict-registry-alias,dynamic,unknown,RuntimeDetect,conditional,false,true,no static package ID; exact runtime source resolution is required before install or uninstall
25,HandBrake,MÉDIA / ZENE / VIDEÓ,HandBrake,,windows,HandBrake.HandBrake,true,hardcoded_id_verified,true,exact-package-id -> exact-display-alias -> strict-registry-alias,dynamic,unknown,RuntimeDetect,conditional,false,true,
26,Krita,GRAFIKA / KÉP / VIDEÓ,Krita,,windows,KDE.Krita,true,hardcoded_id_verified,true,exact-package-id -> exact-display-alias -> strict-registry-alias,dynamic,unknown,RuntimeDetect,conditional,false,true,
27,Blender,GRAFIKA / KÉP / VIDEÓ,Blender,,windows,BlenderFoundation.Blender,true,hardcoded_id_verified,true,exact-package-id -> exact-display-alias -> strict-registry-alias,dynamic,unknown,RuntimeDetect,conditional,false,true,
28,Paint.NET,GRAFIKA / KÉP / VIDEÓ,Paint.NET,,windows,dotPDN.PaintDotNet,true,hardcoded_id_verified,true,exact-package-id -> exact-display-alias -> strict-registry-alias,dynamic,unknown,RuntimeDetect,conditional,false,true,
29,GIMP,GRAFIKA / KÉP / VIDEÓ,GIMP,,windows,GIMP.GIMP,true,hardcoded_id_verified,true,exact-package-id -> exact-display-alias -> strict-registry-alias,dynamic,unknown,RuntimeDetect,conditional,false,true,
30,IrfanView,GRAFIKA / KÉP / VIDEÓ,IrfanView,,windows,,false,exact_name_verified,true,exact-package-id -> exact-display-alias -> strict-registry-alias,dynamic,unknown,RuntimeDetect,conditional,false,true,
31,XnView,GRAFIKA / KÉP / VIDEÓ,XnView,,windows,,false,exact_name_verified,true,exact-package-id -> exact-display-alias -> strict-registry-alias,dynamic,unknown,RuntimeDetect,conditional,false,true,
32,Inkscape,GRAFIKA / KÉP / VIDEÓ,Inkscape,,windows,Inkscape.Inkscape,true,hardcoded_id_verified,true,exact-package-id -> exact-display-alias -> strict-registry-alias,dynamic,unknown,RuntimeDetect,conditional,false,true,
33,FastStone Image Viewer,GRAFIKA / KÉP / VIDEÓ,FastStone Image Viewer,,windows,,false,exact_name_verified,true,exact-package-id -> exact-display-alias -> strict-registry-alias,dynamic,unknown,RuntimeDetect,conditional,false,true,
34,Greenshot,GRAFIKA / KÉP / VIDEÓ,Greenshot,,windows,Greenshot.Greenshot,true,hardcoded_id_verified,true,exact-package-id -> exact-display-alias -> strict-registry-alias,dynamic,unknown,RuntimeDetect,conditional,false,true,
35,ShareX,GRAFIKA / KÉP / VIDEÓ,ShareX,,windows,ShareX.ShareX,true,hardcoded_id_verified,true,exact-package-id -> exact-display-alias -> strict-registry-alias,dynamic,unknown,RuntimeDetect,conditional,false,true,
36,OBS Studio,GRAFIKA / KÉP / VIDEÓ,OBS Studio,,windows,OBSProject.OBSStudio,true,hardcoded_id_verified,true,exact-package-id -> exact-display-alias -> strict-registry-alias,dynamic,unknown,RuntimeDetect,conditional,false,true,
37,Foxit Reader,DOKUMENTUMOK / PDF / IRODA,Foxit Reader,,windows,,false,runtime_exact_required,true,exact-package-id -> exact-display-alias -> strict-registry-alias,dynamic,unknown,RuntimeDetect,conditional,false,true,no static package ID; exact runtime source resolution is required before install or uninstall
38,LibreOffice,DOKUMENTUMOK / PDF / IRODA,LibreOffice,,windows,TheDocumentFoundation.LibreOffice,true,hardcoded_id_verified,true,exact-package-id -> exact-display-alias -> strict-registry-alias,dynamic,unknown,RuntimeDetect,conditional,false,true,
39,SumatraPDF,DOKUMENTUMOK / PDF / IRODA,SumatraPDF,,windows,SumatraPDF.SumatraPDF,true,hardcoded_id_verified,true,exact-package-id -> exact-display-alias -> strict-registry-alias,dynamic,unknown,RuntimeDetect,conditional,false,true,
40,CutePDF,DOKUMENTUMOK / PDF / IRODA,CutePDF,,windows,,false,runtime_exact_required,true,exact-package-id -> exact-display-alias -> strict-registry-alias,dynamic,unknown,RuntimeDetect,conditional,false,true,no static package ID; exact runtime source resolution is required before install or uninstall
41,OpenOffice,DOKUMENTUMOK / PDF / IRODA,OpenOffice,,windows,,false,exact_name_verified,true,exact-package-id -> exact-display-alias -> strict-registry-alias,dynamic,unknown,RuntimeDetect,conditional,false,true,
42,Adobe Acrobat Reader,DOKUMENTUMOK / PDF / IRODA,Adobe Acrobat Reader,,windows,,false,runtime_exact_required,true,exact-package-id -> exact-display-alias -> strict-registry-alias,dynamic,unknown,RuntimeDetect,conditional,false,true,no static package ID; exact runtime source resolution is required before install or uninstall
43,Malwarebytes,BIZTONSÁG,Malwarebytes,,windows,Malwarebytes.Malwarebytes,true,hardcoded_id_verified,true,exact-package-id -> exact-display-alias -> strict-registry-alias,dynamic,unknown,RuntimeDetect,conditional,false,true,
44,Avast,BIZTONSÁG,Avast,,windows,,false,runtime_exact_required,true,exact-package-id -> exact-display-alias -> strict-registry-alias,dynamic,unknown,RuntimeDetect,conditional,false,true,no static package ID; exact runtime source resolution is required before install or uninstall
45,AVG,BIZTONSÁG,AVG,,windows,,false,runtime_exact_required,true,exact-package-id -> exact-display-alias -> strict-registry-alias,dynamic,unknown,RuntimeDetect,conditional,false,true,no static package ID; exact runtime source resolution is required before install or uninstall
46,Spybot 2,BIZTONSÁG,Spybot 2,,windows,,false,runtime_exact_required,true,exact-package-id -> exact-display-alias -> strict-registry-alias,dynamic,unknown,RuntimeDetect,conditional,false,true,no static package ID; exact runtime source resolution is required before install or uninstall
47,Avira,BIZTONSÁG,Avira,,windows,,false,runtime_exact_required,true,exact-package-id -> exact-display-alias -> strict-registry-alias,dynamic,unknown,RuntimeDetect,conditional,false,true,no static package ID; exact runtime source resolution is required before install or uninstall
48,SUPERAntiSpyware,BIZTONSÁG,SUPERAntiSpyware,,windows,,false,exact_name_verified,true,exact-package-id -> exact-display-alias -> strict-registry-alias,dynamic,unknown,RuntimeDetect,conditional,false,true,
49,qBittorrent,FÁJLMEGOSZTÁS / TORRENT,qBittorrent,,windows,qBittorrent.qBittorrent,true,hardcoded_id_verified,true,exact-package-id -> exact-display-alias -> strict-registry-alias,dynamic,unknown,RuntimeDetect,conditional,false,true,
50,Dropbox,FELHŐ / SZINKRONIZÁLÁS,Dropbox,,windows,Dropbox.Dropbox,true,hardcoded_id_verified,true,exact-package-id -> exact-display-alias -> strict-registry-alias,dynamic,unknown,RuntimeDetect,conditional,false,true,
51,Google Drive for Desktop,FELHŐ / SZINKRONIZÁLÁS,Google Drive for Desktop,,windows,Google.GoogleDrive,true,hardcoded_id_verified,true,exact-package-id -> exact-display-alias -> strict-registry-alias,dynamic,unknown,RuntimeDetect,conditional,false,true,
52,Microsoft OneDrive,FELHŐ / SZINKRONIZÁLÁS,Microsoft OneDrive,,windows,Microsoft.OneDrive,true,hardcoded_id_verified,true,exact-package-id -> exact-display-alias -> strict-registry-alias,dynamic,unknown,RuntimeDetect,conditional,false,true,
53,SugarSync,FELHŐ / SZINKRONIZÁLÁS,SugarSync,,windows,,false,runtime_exact_required,true,exact-package-id -> exact-display-alias -> strict-registry-alias,dynamic,unknown,RuntimeDetect,conditional,false,true,no static package ID; exact runtime source resolution is required before install or uninstall
54,Steam,JÁTÉK / ÁLTALÁNOS,Steam,,windows,Valve.Steam,true,hardcoded_id_verified,true,exact-package-id -> exact-display-alias -> strict-registry-alias,dynamic,unknown,RuntimeDetect,conditional,false,true,
55,Epic Games Launcher,JÁTÉK / ÁLTALÁNOS,Epic Games Launcher,,windows,EpicGames.EpicGamesLauncher,true,hardcoded_id_verified,true,exact-package-id -> exact-display-alias -> strict-registry-alias,dynamic,unknown,RuntimeDetect,conditional,false,true,
56,Evernote,JÁTÉK / ÁLTALÁNOS,Evernote,,windows,,false,exact_name_verified,true,exact-package-id -> exact-display-alias -> strict-registry-alias,dynamic,unknown,RuntimeDetect,conditional,false,true,
57,Google Earth,JÁTÉK / ÁLTALÁNOS,Google Earth,,windows,,false,runtime_exact_required,true,exact-package-id -> exact-display-alias -> strict-registry-alias,dynamic,unknown,RuntimeDetect,conditional,false,true,no static package ID; exact runtime source resolution is required before install or uninstall
58,KeePass 2,JÁTÉK / ÁLTALÁNOS,KeePass 2,,windows,DominikReichl.KeePass,true,hardcoded_id_verified,true,exact-package-id -> exact-display-alias -> strict-registry-alias,dynamic,unknown,RuntimeDetect,conditional,false,true,
59,Everything,JÁTÉK / ÁLTALÁNOS,Everything,,windows,voidtools.Everything,true,hardcoded_id_verified,true,exact-package-id -> exact-display-alias -> strict-registry-alias,dynamic,unknown,RuntimeDetect,conditional,false,true,
60,NV Access,JÁTÉK / ÁLTALÁNOS,NV Access,,windows,,false,runtime_exact_required,true,exact-package-id -> exact-display-alias -> strict-registry-alias,dynamic,unknown,RuntimeDetect,conditional,false,true,no static package ID; exact runtime source resolution is required before install or uninstall
61,AnyDesk,SEGÉDPROGRAMOK,AnyDesk,,windows,,false,runtime_exact_required,true,exact-package-id -> exact-display-alias -> strict-registry-alias,dynamic,unknown,RuntimeDetect,conditional,false,true,no static package ID; exact runtime source resolution is required before install or uninstall
62,TeamViewer 15,SEGÉDPROGRAMOK,TeamViewer 15,,windows,,false,runtime_exact_required,true,exact-package-id -> exact-display-alias -> strict-registry-alias,dynamic,unknown,RuntimeDetect,conditional,false,true,no static package ID; exact runtime source resolution is required before install or uninstall
63,ImgBurn,SEGÉDPROGRAMOK,ImgBurn,,windows,,false,exact_name_verified,true,exact-package-id -> exact-display-alias -> strict-registry-alias,dynamic,unknown,RuntimeDetect,conditional,false,true,
64,RealVNC Server,SEGÉDPROGRAMOK,RealVNC Server,,windows,,false,exact_name_verified,true,exact-package-id -> exact-display-alias -> strict-registry-alias,dynamic,unknown,RuntimeDetect,conditional,false,true,
65,RealVNC Viewer,SEGÉDPROGRAMOK,RealVNC Viewer,,windows,,false,exact_name_verified,true,exact-package-id -> exact-display-alias -> strict-registry-alias,dynamic,unknown,RuntimeDetect,conditional,false,true,
66,TightVNC,SEGÉDPROGRAMOK,TightVNC,,windows,,false,exact_name_verified,true,exact-package-id -> exact-display-alias -> strict-registry-alias,dynamic,unknown,RuntimeDetect,conditional,false,true,
67,TeraCopy,SEGÉDPROGRAMOK,TeraCopy,,windows,,false,exact_name_verified,true,exact-package-id -> exact-display-alias -> strict-registry-alias,dynamic,unknown,RuntimeDetect,conditional,false,true,
68,CDBurnerXP,SEGÉDPROGRAMOK,CDBurnerXP,,windows,,false,runtime_exact_required,true,exact-package-id -> exact-display-alias -> strict-registry-alias,dynamic,unknown,RuntimeDetect,conditional,false,true,no static package ID; exact runtime source resolution is required before install or uninstall
69,Revo Uninstaller,SEGÉDPROGRAMOK,Revo Uninstaller,,windows,,false,exact_name_verified,true,exact-package-id -> exact-display-alias -> strict-registry-alias,dynamic,unknown,RuntimeDetect,conditional,false,true,
70,Launchy,SEGÉDPROGRAMOK,Launchy,,windows,,false,exact_name_verified,true,exact-package-id -> exact-display-alias -> strict-registry-alias,dynamic,unknown,RuntimeDetect,conditional,false,true,
71,WinDirStat,SEGÉDPROGRAMOK,WinDirStat,,windows,WinDirStat.WinDirStat,true,hardcoded_id_verified,true,exact-package-id -> exact-display-alias -> strict-registry-alias,dynamic,unknown,RuntimeDetect,conditional,false,true,
72,WizTree,SEGÉDPROGRAMOK,WizTree,,windows,,false,runtime_exact_required,true,exact-package-id -> exact-display-alias -> strict-registry-alias,dynamic,unknown,RuntimeDetect,conditional,false,true,no static package ID; exact runtime source resolution is required before install or uninstall
73,Glary Utilities,SEGÉDPROGRAMOK,Glary Utilities,,windows,,false,exact_name_verified,true,exact-package-id -> exact-display-alias -> strict-registry-alias,dynamic,unknown,RuntimeDetect,conditional,false,true,
74,InfraRecorder,SEGÉDPROGRAMOK,InfraRecorder,,windows,,false,exact_name_verified,true,exact-package-id -> exact-display-alias -> strict-registry-alias,dynamic,unknown,RuntimeDetect,conditional,false,true,
75,Open-Shell,SEGÉDPROGRAMOK,Open-Shell,,windows,,false,exact_name_verified,true,exact-package-id -> exact-display-alias -> strict-registry-alias,dynamic,unknown,RuntimeDetect,conditional,false,true,
76,CCleaner,SEGÉDPROGRAMOK,CCleaner,,windows,Piriform.CCleaner,true,hardcoded_id_verified,true,exact-package-id -> exact-display-alias -> strict-registry-alias,dynamic,unknown,RuntimeDetect,conditional,false,true,
77,Microsoft PowerToys,SEGÉDPROGRAMOK,Microsoft PowerToys,,windows,Microsoft.PowerToys,true,hardcoded_id_verified,true,exact-package-id -> exact-display-alias -> strict-registry-alias,dynamic,unknown,RuntimeDetect,conditional,false,true,
78,Rufus,SEGÉDPROGRAMOK,Rufus,,windows,Rufus.Rufus,true,hardcoded_id_verified,true,exact-package-id -> exact-display-alias -> strict-registry-alias,dynamic,unknown,RuntimeDetect,conditional,false,true,
79,balenaEtcher,SEGÉDPROGRAMOK,balenaEtcher,,windows,Balena.Etcher,true,hardcoded_id_verified,true,exact-package-id -> exact-display-alias -> strict-registry-alias,dynamic,unknown,RuntimeDetect,conditional,false,true,
80,TreeSize Free,SEGÉDPROGRAMOK,TreeSize Free,,windows,,false,exact_name_verified,true,exact-package-id -> exact-display-alias -> strict-registry-alias,dynamic,unknown,RuntimeDetect,conditional,false,true,
81,Windows Terminal,SEGÉDPROGRAMOK,Windows Terminal,,windows,Microsoft.WindowsTerminal,true,hardcoded_id_verified,true,exact-package-id -> exact-display-alias -> strict-registry-alias,dynamic,msix,MSIXStore,conditional,false,true,
82,7-Zip,TÖMÖRÍTÉS,7-Zip,,windows,7zip.7zip,true,hardcoded_id_verified,true,exact-package-id -> exact-display-alias -> strict-registry-alias,dynamic,unknown,RuntimeDetect,conditional,false,true,
83,PeaZip,TÖMÖRÍTÉS,PeaZip,,windows,Giorgiotani.Peazip,true,hardcoded_id_verified,true,exact-package-id -> exact-display-alias -> strict-registry-alias,dynamic,unknown,RuntimeDetect,conditional,false,true,
84,WinRAR,TÖMÖRÍTÉS,WinRAR,,windows,,false,runtime_exact_required,true,exact-package-id -> exact-display-alias -> strict-registry-alias,dynamic,unknown,RuntimeDetect,conditional,false,true,no static package ID; exact runtime source resolution is required before install or uninstall
85,Python 3,FEJLESZTŐI ESZKÖZÖK,Python 3,,windows,Python.Python.3.13,true,hardcoded_id_verified,true,exact-package-id -> exact-display-alias -> strict-registry-alias,dynamic,unknown,RuntimeDetect,conditional,false,true,
86,Python 2 / Legacy Python,FEJLESZTŐI ESZKÖZÖK,Python 2 / Legacy Python,,windows,,false,runtime_exact_required,true,exact-package-id -> exact-display-alias -> strict-registry-alias,dynamic,unknown,RuntimeDetect,conditional,false,true,no static package ID; exact runtime source resolution is required before install or uninstall
87,Git,FEJLESZTŐI ESZKÖZÖK,Git,,windows,Git.Git,true,hardcoded_id_verified,true,exact-package-id -> exact-display-alias -> strict-registry-alias,dynamic,unknown,RuntimeDetect,conditional,false,true,
88,GitHub Desktop,FEJLESZTŐI ESZKÖZÖK,GitHub Desktop,,windows,GitHub.GitHubDesktop,true,hardcoded_id_verified,true,exact-package-id -> exact-display-alias -> strict-registry-alias,dynamic,unknown,RuntimeDetect,conditional,false,true,
89,Node.js,FEJLESZTŐI ESZKÖZÖK,Node.js,,windows,OpenJS.NodeJS.LTS,true,hardcoded_id_verified,true,exact-package-id -> exact-display-alias -> strict-registry-alias,dynamic,unknown,RuntimeDetect,conditional,false,true,
90,FileZilla,FEJLESZTŐI ESZKÖZÖK,FileZilla,,windows,,false,runtime_exact_required,true,exact-package-id -> exact-display-alias -> strict-registry-alias,dynamic,unknown,RuntimeDetect,conditional,false,true,no static package ID; exact runtime source resolution is required before install or uninstall
91,Notepad++,FEJLESZTŐI ESZKÖZÖK,Notepad++,,windows,Notepad++.Notepad++,true,hardcoded_id_verified,true,exact-package-id -> exact-display-alias -> strict-registry-alias,dynamic,unknown,RuntimeDetect,conditional,false,true,
92,WinSCP,FEJLESZTŐI ESZKÖZÖK,WinSCP,,windows,WinSCP.WinSCP,true,hardcoded_id_verified,true,exact-package-id -> exact-display-alias -> strict-registry-alias,dynamic,unknown,RuntimeDetect,conditional,false,true,
93,PuTTY,FEJLESZTŐI ESZKÖZÖK,PuTTY,,windows,PuTTY.PuTTY,true,hardcoded_id_verified,true,exact-package-id -> exact-display-alias -> strict-registry-alias,dynamic,unknown,RuntimeDetect,conditional,false,true,
94,WinMerge,FEJLESZTŐI ESZKÖZÖK,WinMerge,,windows,,false,exact_name_verified,true,exact-package-id -> exact-display-alias -> strict-registry-alias,dynamic,unknown,RuntimeDetect,conditional,false,true,
95,Eclipse,FEJLESZTŐI ESZKÖZÖK,Eclipse,,windows,,false,runtime_exact_required,true,exact-package-id -> exact-display-alias -> strict-registry-alias,dynamic,unknown,RuntimeDetect,conditional,false,true,no static package ID; exact runtime source resolution is required before install or uninstall
96,Visual Studio Code,FEJLESZTŐI ESZKÖZÖK,Visual Studio Code,,windows,Microsoft.VisualStudioCode,true,hardcoded_id_verified,true,exact-package-id -> exact-display-alias -> strict-registry-alias,dynamic,unknown,RuntimeDetect,conditional,false,true,
97,Cursor,FEJLESZTŐI ESZKÖZÖK,Cursor,,windows,Anysphere.Cursor,true,hardcoded_id_verified,true,exact-package-id -> exact-display-alias -> strict-registry-alias,dynamic,unknown,RuntimeDetect,conditional,false,true,
98,Docker Desktop,FEJLESZTŐI ESZKÖZÖK,Docker Desktop,,windows,,false,runtime_exact_required,true,exact-package-id -> exact-display-alias -> strict-registry-alias,dynamic,unknown,RuntimeDetect,conditional,false,true,no static package ID; exact runtime source resolution is required before install or uninstall
99,Postman,FEJLESZTŐI ESZKÖZÖK,Postman,,windows,Postman.Postman,true,hardcoded_id_verified,true,exact-package-id -> exact-display-alias -> strict-registry-alias,dynamic,unknown,RuntimeDetect,conditional,false,true,
100,DBeaver,FEJLESZTŐI ESZKÖZÖK,DBeaver,,windows,DBeaver.DBeaver.Community,true,hardcoded_id_verified,true,exact-package-id -> exact-display-alias -> strict-registry-alias,dynamic,unknown,RuntimeDetect,conditional,false,true,
101,MySQL Workbench,FEJLESZTŐI ESZKÖZÖK,MySQL Workbench,,windows,,false,runtime_exact_required,true,exact-package-id -> exact-display-alias -> strict-registry-alias,dynamic,unknown,RuntimeDetect,conditional,false,true,no static package ID; exact runtime source resolution is required before install or uninstall
102,Visual Studio Community,FEJLESZTŐI ESZKÖZÖK,Visual Studio Community,,windows,Microsoft.VisualStudio.2022.Community,true,hardcoded_id_verified,true,exact-package-id -> exact-display-alias -> strict-registry-alias,dynamic,unknown,RuntimeDetect,conditional,false,true,
103,IntelliJ IDEA Community,FEJLESZTŐI ESZKÖZÖK,IntelliJ IDEA Community,,windows,JetBrains.IntelliJIDEA.Community,true,hardcoded_id_verified,true,exact-package-id -> exact-display-alias -> strict-registry-alias,dynamic,unknown,RuntimeDetect,conditional,false,true,
104,Android Studio,FEJLESZTŐI ESZKÖZÖK,Android Studio,,windows,Google.AndroidStudio,true,hardcoded_id_verified,true,exact-package-id -> exact-display-alias -> strict-registry-alias,dynamic,unknown,RuntimeDetect,conditional,false,true,
105,GitKraken,FEJLESZTŐI ESZKÖZÖK,GitKraken,,windows,Axosoft.GitKraken,true,hardcoded_id_verified,true,exact-package-id -> exact-display-alias -> strict-registry-alias,dynamic,unknown,RuntimeDetect,conditional,false,true,
106,Adoptium / AdoptOpenJDK JDK 8,JAVA / JDK / JRE,Adoptium / AdoptOpenJDK JDK 8,,windows,,false,runtime_exact_required,true,exact-package-id -> exact-display-alias -> strict-registry-alias,dynamic,unknown,RuntimeDetect,conditional,false,true,no static package ID; exact runtime source resolution is required before install or uninstall
107,Adoptium / AdoptOpenJDK JDK 11,JAVA / JDK / JRE,Adoptium / AdoptOpenJDK JDK 11,,windows,,false,runtime_exact_required,true,exact-package-id -> exact-display-alias -> strict-registry-alias,dynamic,unknown,RuntimeDetect,conditional,false,true,no static package ID; exact runtime source resolution is required before install or uninstall
108,Adoptium / AdoptOpenJDK JDK 17,JAVA / JDK / JRE,Adoptium / AdoptOpenJDK JDK 17,,windows,,false,runtime_exact_required,true,exact-package-id -> exact-display-alias -> strict-registry-alias,dynamic,unknown,RuntimeDetect,conditional,false,true,no static package ID; exact runtime source resolution is required before install or uninstall
109,Adoptium / AdoptOpenJDK JDK 21,JAVA / JDK / JRE,Adoptium / AdoptOpenJDK JDK 21,,windows,,false,runtime_exact_required,true,exact-package-id -> exact-display-alias -> strict-registry-alias,dynamic,unknown,RuntimeDetect,conditional,false,true,no static package ID; exact runtime source resolution is required before install or uninstall
110,Adoptium / AdoptOpenJDK JDK 25,JAVA / JDK / JRE,Adoptium / AdoptOpenJDK JDK 25,,windows,,false,runtime_exact_required,true,exact-package-id -> exact-display-alias -> strict-registry-alias,dynamic,unknown,RuntimeDetect,conditional,false,true,no static package ID; exact runtime source resolution is required before install or uninstall
111,Amazon Corretto JDK 8,JAVA / JDK / JRE,Amazon Corretto JDK 8,,windows,,false,runtime_exact_required,true,exact-package-id -> exact-display-alias -> strict-registry-alias,dynamic,unknown,RuntimeDetect,conditional,false,true,no static package ID; exact runtime source resolution is required before install or uninstall
112,Amazon Corretto JDK 11,JAVA / JDK / JRE,Amazon Corretto JDK 11,,windows,,false,runtime_exact_required,true,exact-package-id -> exact-display-alias -> strict-registry-alias,dynamic,unknown,RuntimeDetect,conditional,false,true,no static package ID; exact runtime source resolution is required before install or uninstall
113,Amazon Corretto JDK 17,JAVA / JDK / JRE,Amazon Corretto JDK 17,,windows,,false,runtime_exact_required,true,exact-package-id -> exact-display-alias -> strict-registry-alias,dynamic,unknown,RuntimeDetect,conditional,false,true,no static package ID; exact runtime source resolution is required before install or uninstall
114,Amazon Corretto JDK 21,JAVA / JDK / JRE,Amazon Corretto JDK 21,,windows,,false,runtime_exact_required,true,exact-package-id -> exact-display-alias -> strict-registry-alias,dynamic,unknown,RuntimeDetect,conditional,false,true,no static package ID; exact runtime source resolution is required before install or uninstall
115,Amazon Corretto JDK 25,JAVA / JDK / JRE,Amazon Corretto JDK 25,,windows,,false,runtime_exact_required,true,exact-package-id -> exact-display-alias -> strict-registry-alias,dynamic,unknown,RuntimeDetect,conditional,false,true,no static package ID; exact runtime source resolution is required before install or uninstall
116,Amazon Corretto JRE 8,JAVA / JDK / JRE,Amazon Corretto JRE 8,,windows,,false,exact_name_verified,true,exact-package-id -> exact-display-alias -> strict-registry-alias,dynamic,unknown,RuntimeDetect,conditional,false,true,
117,.NET Framework 4.8.1,.NET RUNTIME-OK,.NET Framework 4.8.1,,windows,,false,runtime_exact_required,true,exact-package-id -> exact-display-alias -> strict-registry-alias,dynamic,unknown,RuntimeDetect,conditional,false,true,no static package ID; exact runtime source resolution is required before install or uninstall
118,.NET Desktop Runtime 8,.NET RUNTIME-OK,.NET Desktop Runtime 8,,windows,,false,runtime_exact_required,true,exact-package-id -> exact-display-alias -> strict-registry-alias,dynamic,unknown,RuntimeDetect,conditional,false,true,no static package ID; exact runtime source resolution is required before install or uninstall
119,.NET Desktop Runtime 9,.NET RUNTIME-OK,.NET Desktop Runtime 9,,windows,,false,runtime_exact_required,true,exact-package-id -> exact-display-alias -> strict-registry-alias,dynamic,unknown,RuntimeDetect,conditional,false,true,no static package ID; exact runtime source resolution is required before install or uninstall
120,.NET Desktop Runtime 10,.NET RUNTIME-OK,.NET Desktop Runtime 10,,windows,,false,runtime_exact_required,true,exact-package-id -> exact-display-alias -> strict-registry-alias,dynamic,unknown,RuntimeDetect,conditional,false,true,no static package ID; exact runtime source resolution is required before install or uninstall
121,ASP.NET Core Runtime 8,.NET RUNTIME-OK,ASP.NET Core Runtime 8,,windows,,false,runtime_exact_required,true,exact-package-id -> exact-display-alias -> strict-registry-alias,dynamic,unknown,RuntimeDetect,conditional,false,true,no static package ID; exact runtime source resolution is required before install or uninstall
122,ASP.NET Core Runtime 9,.NET RUNTIME-OK,ASP.NET Core Runtime 9,,windows,,false,runtime_exact_required,true,exact-package-id -> exact-display-alias -> strict-registry-alias,dynamic,unknown,RuntimeDetect,conditional,false,true,no static package ID; exact runtime source resolution is required before install or uninstall
123,ASP.NET Core Runtime 10,.NET RUNTIME-OK,ASP.NET Core Runtime 10,,windows,,false,runtime_exact_required,true,exact-package-id -> exact-display-alias -> strict-registry-alias,dynamic,unknown,RuntimeDetect,conditional,false,true,no static package ID; exact runtime source resolution is required before install or uninstall
124,Microsoft Visual C++ Redistributable 2015+,MICROSOFT VISUAL C++ REDISTRIBUTABLE,Microsoft Visual C++ Redistributable 2015+,,windows,,false,runtime_exact_required,true,exact-package-id -> exact-display-alias -> strict-registry-alias,dynamic,unknown,RuntimeDetect,conditional,false,true,no static package ID; exact runtime source resolution is required before install or uninstall
125,Microsoft Visual C++ Redistributable 2013,MICROSOFT VISUAL C++ REDISTRIBUTABLE,Microsoft Visual C++ Redistributable 2013,,windows,,false,runtime_exact_required,true,exact-package-id -> exact-display-alias -> strict-registry-alias,dynamic,unknown,RuntimeDetect,conditional,false,true,no static package ID; exact runtime source resolution is required before install or uninstall
126,Microsoft Visual C++ Redistributable 2012,MICROSOFT VISUAL C++ REDISTRIBUTABLE,Microsoft Visual C++ Redistributable 2012,,windows,,false,runtime_exact_required,true,exact-package-id -> exact-display-alias -> strict-registry-alias,dynamic,unknown,RuntimeDetect,conditional,false,true,no static package ID; exact runtime source resolution is required before install or uninstall
127,Microsoft Visual C++ Redistributable 2010,MICROSOFT VISUAL C++ REDISTRIBUTABLE,Microsoft Visual C++ Redistributable 2010,,windows,,false,runtime_exact_required,true,exact-package-id -> exact-display-alias -> strict-registry-alias,dynamic,unknown,RuntimeDetect,conditional,false,true,no static package ID; exact runtime source resolution is required before install or uninstall
128,Microsoft Visual C++ Redistributable 2008,MICROSOFT VISUAL C++ REDISTRIBUTABLE,Microsoft Visual C++ Redistributable 2008,,windows,,false,runtime_exact_required,true,exact-package-id -> exact-display-alias -> strict-registry-alias,dynamic,unknown,RuntimeDetect,conditional,false,true,no static package ID; exact runtime source resolution is required before install or uninstall
129,Microsoft Visual C++ Redistributable 2005,MICROSOFT VISUAL C++ REDISTRIBUTABLE,Microsoft Visual C++ Redistributable 2005,,windows,,false,runtime_exact_required,true,exact-package-id -> exact-display-alias -> strict-registry-alias,dynamic,unknown,RuntimeDetect,conditional,false,true,no static package ID; exact runtime source resolution is required before install or uninstall
130,CPU-Z,RENDSZERINFORMÁCIÓ / HARDVER / TESZT,CPU-Z,,windows,,false,runtime_exact_required,true,exact-package-id -> exact-display-alias -> strict-registry-alias,dynamic,unknown,RuntimeDetect,conditional,false,true,no static package ID; exact runtime source resolution is required before install or uninstall
131,HWiNFO,RENDSZERINFORMÁCIÓ / HARDVER / TESZT,HWiNFO,,windows,,false,exact_name_verified,true,exact-package-id -> exact-display-alias -> strict-registry-alias,dynamic,unknown,RuntimeDetect,conditional,false,true,
132,CrystalDiskInfo,RENDSZERINFORMÁCIÓ / HARDVER / TESZT,CrystalDiskInfo,,windows,,false,exact_name_verified,true,exact-package-id -> exact-display-alias -> strict-registry-alias,dynamic,unknown,RuntimeDetect,conditional,false,true,
133,CrystalDiskMark,RENDSZERINFORMÁCIÓ / HARDVER / TESZT,CrystalDiskMark,,windows,,false,exact_name_verified,true,exact-package-id -> exact-display-alias -> strict-registry-alias,dynamic,unknown,RuntimeDetect,conditional,false,true,
134,FanControl,RENDSZERINFORMÁCIÓ / HARDVER / TESZT,FanControl,,windows,,false,exact_name_verified,true,exact-package-id -> exact-display-alias -> strict-registry-alias,dynamic,unknown,RuntimeDetect,conditional,false,true,
135,MSI Afterburner,RENDSZERINFORMÁCIÓ / HARDVER / TESZT,MSI Afterburner,,windows,,false,exact_name_verified,true,exact-package-id -> exact-display-alias -> strict-registry-alias,dynamic,unknown,RuntimeDetect,conditional,false,true,
136,iLok License Manager,AUDIO / ZENE / HANGSZER,iLok License Manager,,windows,,false,runtime_exact_required,true,exact-package-id -> exact-display-alias -> strict-registry-alias,dynamic,unknown,RuntimeDetect,conditional,false,true,no static package ID; exact runtime source resolution is required before install or uninstall
137,Focusrite Control 2,AUDIO / ZENE / HANGSZER,Focusrite Control 2,,windows,,false,exact_name_verified,true,exact-package-id -> exact-display-alias -> strict-registry-alias,dynamic,unknown,RuntimeDetect,conditional,false,true,
138,Softube Central,AUDIO / ZENE / HANGSZER,Softube Central,,windows,,false,runtime_exact_required,true,exact-package-id -> exact-display-alias -> strict-registry-alias,dynamic,unknown,RuntimeDetect,conditional,false,true,no static package ID; exact runtime source resolution is required before install or uninstall
139,Amped Roots Free,AUDIO / ZENE / HANGSZER,Amped Roots Free,,windows,,false,runtime_exact_required,true,exact-package-id -> exact-display-alias -> strict-registry-alias,dynamic,unknown,RuntimeDetect,conditional,false,true,no static package ID; exact runtime source resolution is required before install or uninstall
140,Neural Amp Modeler,AUDIO / ZENE / HANGSZER,Neural Amp Modeler,,windows,,false,runtime_exact_required,true,exact-package-id -> exact-display-alias -> strict-registry-alias,dynamic,unknown,RuntimeDetect,conditional,false,true,no static package ID; exact runtime source resolution is required before install or uninstall
141,Tonocracy,AUDIO / ZENE / HANGSZER,Tonocracy,,windows,,false,runtime_exact_required,true,exact-package-id -> exact-display-alias -> strict-registry-alias,dynamic,unknown,RuntimeDetect,conditional,false,true,no static package ID; exact runtime source resolution is required before install or uninstall
142,TDR Nova,AUDIO / ZENE / HANGSZER,TDR Nova,,windows,,false,runtime_exact_required,true,exact-package-id -> exact-display-alias -> strict-registry-alias,dynamic,unknown,RuntimeDetect,conditional,false,true,no static package ID; exact runtime source resolution is required before install or uninstall
143,Vital,AUDIO / ZENE / HANGSZER,Vital,,windows,,false,runtime_exact_required,true,exact-package-id -> exact-display-alias -> strict-registry-alias,dynamic,unknown,RuntimeDetect,conditional,false,true,no static package ID; exact runtime source resolution is required before install or uninstall
144,Spitfire LABS,AUDIO / ZENE / HANGSZER,Spitfire LABS,,windows,,false,runtime_exact_required,true,exact-package-id -> exact-display-alias -> strict-registry-alias,dynamic,unknown,RuntimeDetect,conditional,false,true,no static package ID; exact runtime source resolution is required before install or uninstall
145,ASIO4ALL,AUDIO / ZENE / HANGSZER,ASIO4ALL,,windows,,false,exact_name_verified,true,exact-package-id -> exact-display-alias -> strict-registry-alias,dynamic,unknown,RuntimeDetect,conditional,false,true,
146,REAPER,AUDIO / ZENE / HANGSZER,REAPER,,windows,,false,runtime_exact_required,true,exact-package-id -> exact-display-alias -> strict-registry-alias,dynamic,unknown,RuntimeDetect,conditional,false,true,no static package ID; exact runtime source resolution is required before install or uninstall
147,FL Studio,AUDIO / ZENE / HANGSZER,FL Studio,,windows,,false,runtime_exact_required,true,exact-package-id -> exact-display-alias -> strict-registry-alias,dynamic,unknown,RuntimeDetect,conditional,false,true,no static package ID; exact runtime source resolution is required before install or uninstall
148,Cubase,AUDIO / ZENE / HANGSZER,Cubase,,windows,,false,runtime_exact_required,true,exact-package-id -> exact-display-alias -> strict-registry-alias,dynamic,unknown,RuntimeDetect,conditional,false,true,no static package ID; exact runtime source resolution is required before install or uninstall
149,Archetype: Gojira X,AUDIO / ZENE / HANGSZER,Archetype: Gojira X,,windows,,false,runtime_exact_required,true,exact-package-id -> exact-display-alias -> strict-registry-alias,dynamic,unknown,RuntimeDetect,conditional,false,true,no static package ID; exact runtime source resolution is required before install or uninstall
150,Unity Hub,GAME DEVELOPMENT / 3D,Unity Hub,,windows,,false,runtime_exact_required,true,exact-package-id -> exact-display-alias -> strict-registry-alias,dynamic,unknown,RuntimeDetect,conditional,false,true,no static package ID; exact runtime source resolution is required before install or uninstall
151,Unity Editor / Unity Personal,GAME DEVELOPMENT / 3D,Unity Editor / Unity Personal,,windows,,false,runtime_exact_required,true,exact-package-id -> exact-display-alias -> strict-registry-alias,dynamic,unknown,RuntimeDetect,conditional,false,true,no static package ID; exact runtime source resolution is required before install or uninstall
152,Unreal Engine,GAME DEVELOPMENT / 3D,Unreal Engine,,windows,,false,runtime_exact_required,true,exact-package-id -> exact-display-alias -> strict-registry-alias,dynamic,unknown,RuntimeDetect,conditional,false,true,no static package ID; exact runtime source resolution is required before install or uninstall
153,Godot Engine,GAME DEVELOPMENT / 3D,Godot Engine,,windows,GodotEngine.GodotEngine,true,hardcoded_id_verified,true,exact-package-id -> exact-display-alias -> strict-registry-alias,dynamic,unknown,RuntimeDetect,conditional,false,true,
154,CMake,FEJLESZTÉS,CMake,,windows,Kitware.CMake,true,hardcoded_id_verified,true,exact-package-id -> exact-display-alias -> strict-registry-alias,dynamic,unknown,RuntimeDetect,conditional,false,true,
155,Cisco Packet Tracer,HÁLÓZAT / IT / LABOR,Cisco Packet Tracer,,windows,,false,runtime_exact_required,true,exact-package-id -> exact-display-alias -> strict-registry-alias,dynamic,unknown,RuntimeDetect,conditional,false,true,no static package ID; exact runtime source resolution is required before install or uninstall
156,Wireshark,HÁLÓZAT / IT / LABOR,Wireshark,,windows,WiresharkFoundation.Wireshark,true,hardcoded_id_verified,true,exact-package-id -> exact-display-alias -> strict-registry-alias,dynamic,unknown,RuntimeDetect,conditional,false,true,
157,Nmap,HÁLÓZAT / IT / LABOR,Nmap,,windows,Insecure.Nmap,true,hardcoded_id_verified,true,exact-package-id -> exact-display-alias -> strict-registry-alias,dynamic,unknown,RuntimeDetect,conditional,false,true,
158,VirtualBox,HÁLÓZAT / IT / LABOR,VirtualBox,,windows,Oracle.VirtualBox,true,hardcoded_id_verified,true,exact-package-id -> exact-display-alias -> strict-registry-alias,dynamic,unknown,RuntimeDetect,conditional,false,true,
159,VMware Workstation,HÁLÓZAT / IT / LABOR,VMware Workstation,,windows,,false,runtime_exact_required,true,exact-package-id -> exact-display-alias -> strict-registry-alias,dynamic,unknown,RuntimeDetect,conditional,false,true,no static package ID; exact runtime source resolution is required before install or uninstall
160,Ventoy,HÁLÓZAT / IT / LABOR,Ventoy,,windows,Ventoy.Ventoy,true,hardcoded_id_verified,true,exact-package-id -> exact-display-alias -> strict-registry-alias,dynamic,unknown,RuntimeDetect,conditional,false,true,
161,Pentablet driver / kezelőszoftver,HARDVER / PERIFÉRIA,Pentablet driver / kezelőszoftver,,windows,,false,runtime_exact_required,true,exact-package-id -> exact-display-alias -> strict-registry-alias,dynamic,unknown,ManualOnly,manual,false,true,no static package ID; exact runtime source resolution is required before install or uninstall
162,Microsoft Word,MICROSOFT OFFICE / FIZETŐS ALKALMAZÁSOK,Microsoft Word,,windows,,false,runtime_exact_required,true,exact-package-id -> exact-display-alias -> strict-registry-alias,dynamic,unknown,RuntimeDetect,conditional,false,true,no static package ID; exact runtime source resolution is required before install or uninstall
163,Microsoft Excel,MICROSOFT OFFICE / FIZETŐS ALKALMAZÁSOK,Microsoft Excel,,windows,,false,runtime_exact_required,true,exact-package-id -> exact-display-alias -> strict-registry-alias,dynamic,unknown,RuntimeDetect,conditional,false,true,no static package ID; exact runtime source resolution is required before install or uninstall
164,Microsoft PowerPoint,MICROSOFT OFFICE / FIZETŐS ALKALMAZÁSOK,Microsoft PowerPoint,,windows,,false,runtime_exact_required,true,exact-package-id -> exact-display-alias -> strict-registry-alias,dynamic,unknown,RuntimeDetect,conditional,false,true,no static package ID; exact runtime source resolution is required before install or uninstall
165,Microsoft Access,MICROSOFT OFFICE / FIZETŐS ALKALMAZÁSOK,Microsoft Access,,windows,,false,runtime_exact_required,true,exact-package-id -> exact-display-alias -> strict-registry-alias,dynamic,unknown,RuntimeDetect,conditional,false,true,no static package ID; exact runtime source resolution is required before install or uninstall
166,GOG GALAXY,JÁTÉKPLATFORMOK / LAUNCHEREK,GOG GALAXY,,windows,,false,exact_name_verified,true,exact-package-id -> exact-display-alias -> strict-registry-alias,dynamic,unknown,RuntimeDetect,conditional,false,true,
167,EA app,JÁTÉKPLATFORMOK / LAUNCHEREK,EA app,,windows,,false,exact_name_verified,true,exact-package-id -> exact-display-alias -> strict-registry-alias,dynamic,unknown,RuntimeDetect,conditional,false,true,
168,Ubisoft Connect,JÁTÉKPLATFORMOK / LAUNCHEREK,Ubisoft Connect,,windows,,false,exact_name_verified,true,exact-package-id -> exact-display-alias -> strict-registry-alias,dynamic,unknown,RuntimeDetect,conditional,false,true,
169,Battle.net,JÁTÉKPLATFORMOK / LAUNCHEREK,Battle.net,,windows,,false,runtime_exact_required,true,exact-package-id -> exact-display-alias -> strict-registry-alias,dynamic,unknown,RuntimeDetect,conditional,false,true,no static package ID; exact runtime source resolution is required before install or uninstall
170,Riot Client,JÁTÉKPLATFORMOK / LAUNCHEREK,Riot Client,,windows,,false,runtime_exact_required,true,exact-package-id -> exact-display-alias -> strict-registry-alias,dynamic,unknown,RuntimeDetect,conditional,false,true,no static package ID; exact runtime source resolution is required before install or uninstall
171,Rockstar Games Launcher,JÁTÉKPLATFORMOK / LAUNCHEREK,Rockstar Games Launcher,,windows,,false,exact_name_verified,true,exact-package-id -> exact-display-alias -> strict-registry-alias,dynamic,unknown,RuntimeDetect,conditional,false,true,
172,itch.io App,JÁTÉKPLATFORMOK / LAUNCHEREK,itch.io App,,windows,,false,runtime_exact_required,true,exact-package-id -> exact-display-alias -> strict-registry-alias,dynamic,unknown,RuntimeDetect,conditional,false,true,no static package ID; exact runtime source resolution is required before install or uninstall
173,Amazon Games App,JÁTÉKPLATFORMOK / LAUNCHEREK,Amazon Games App,,windows,,false,runtime_exact_required,true,exact-package-id -> exact-display-alias -> strict-registry-alias,dynamic,unknown,RuntimeDetect,conditional,false,true,no static package ID; exact runtime source resolution is required before install or uninstall
174,Xbox App,JÁTÉKPLATFORMOK / LAUNCHEREK,Xbox App,,windows,,false,runtime_exact_required,true,exact-package-id -> exact-display-alias -> strict-registry-alias,dynamic,msix,MSIXStore,conditional,false,true,no static package ID; exact runtime source resolution is required before install or uninstall
175,Minecraft Launcher,JÁTÉKPLATFORMOK / LAUNCHEREK,Minecraft Launcher,,windows,,false,runtime_exact_required,true,exact-package-id -> exact-display-alias -> strict-registry-alias,dynamic,unknown,RuntimeDetect,conditional,false,true,no static package ID; exact runtime source resolution is required before install or uninstall
176,Prism Launcher,JÁTÉKPLATFORMOK / LAUNCHEREK,Prism Launcher,,windows,,false,exact_name_verified,true,exact-package-id -> exact-display-alias -> strict-registry-alias,dynamic,unknown,RuntimeDetect,conditional,false,true,
177,MultiMC,JÁTÉKPLATFORMOK / LAUNCHEREK,MultiMC,,windows,,false,exact_name_verified,true,exact-package-id -> exact-display-alias -> strict-registry-alias,dynamic,unknown,RuntimeDetect,conditional,false,true,
178,CurseForge,JÁTÉKPLATFORMOK / LAUNCHEREK,CurseForge,,windows,,false,exact_name_verified,true,exact-package-id -> exact-display-alias -> strict-registry-alias,dynamic,unknown,RuntimeDetect,conditional,false,true,
179,Modrinth App,JÁTÉKPLATFORMOK / LAUNCHEREK,Modrinth App,,windows,,false,exact_name_verified,true,exact-package-id -> exact-display-alias -> strict-registry-alias,dynamic,unknown,RuntimeDetect,conditional,false,true,
180,Nexus Mods / Vortex,JÁTÉKPLATFORMOK / LAUNCHEREK,Nexus Mods / Vortex,,windows,,false,runtime_exact_required,true,exact-package-id -> exact-display-alias -> strict-registry-alias,dynamic,unknown,RuntimeDetect,conditional,false,true,no static package ID; exact runtime source resolution is required before install or uninstall
181,Overwolf,JÁTÉKPLATFORMOK / LAUNCHEREK,Overwolf,,windows,,false,runtime_exact_required,true,exact-package-id -> exact-display-alias -> strict-registry-alias,dynamic,unknown,RuntimeDetect,conditional,false,true,no static package ID; exact runtime source resolution is required before install or uninstall
182,Playnite,JÁTÉKPLATFORMOK / LAUNCHEREK,Playnite,,windows,,false,exact_name_verified,true,exact-package-id -> exact-display-alias -> strict-registry-alias,dynamic,unknown,RuntimeDetect,conditional,false,true,
183,Heroic Games Launcher,JÁTÉKPLATFORMOK / LAUNCHEREK,Heroic Games Launcher,,windows,,false,runtime_exact_required,true,exact-package-id -> exact-display-alias -> strict-registry-alias,dynamic,unknown,RuntimeDetect,conditional,false,true,no static package ID; exact runtime source resolution is required before install or uninstall
184,Lutris,JÁTÉKPLATFORMOK / LAUNCHEREK,Lutris,,windows,,false,runtime_exact_required,true,exact-package-id -> exact-display-alias -> strict-registry-alias,dynamic,unknown,RuntimeDetect,conditional,false,true,no static package ID; exact runtime source resolution is required before install or uninstall
185,GeForce NOW,JÁTÉKPLATFORMOK / LAUNCHEREK,GeForce NOW,,windows,,false,runtime_exact_required,true,exact-package-id -> exact-display-alias -> strict-registry-alias,dynamic,unknown,RuntimeDetect,conditional,false,true,no static package ID; exact runtime source resolution is required before install or uninstall
186,Moonlight,JÁTÉKPLATFORMOK / LAUNCHEREK,Moonlight,,windows,,false,runtime_exact_required,true,exact-package-id -> exact-display-alias -> strict-registry-alias,dynamic,unknown,RuntimeDetect,conditional,false,true,no static package ID; exact runtime source resolution is required before install or uninstall
187,Sunshine,JÁTÉKPLATFORMOK / LAUNCHEREK,Sunshine,,windows,,false,exact_name_verified,true,exact-package-id -> exact-display-alias -> strict-registry-alias,dynamic,unknown,RuntimeDetect,conditional,false,true,
188,Parsec,JÁTÉKPLATFORMOK / LAUNCHEREK,Parsec,,windows,,false,exact_name_verified,true,exact-package-id -> exact-display-alias -> strict-registry-alias,dynamic,unknown,RuntimeDetect,conditional,false,true,
189,Antstream Arcade,JÁTÉKPLATFORMOK / LAUNCHEREK,Antstream Arcade,,windows,,false,runtime_exact_required,true,exact-package-id -> exact-display-alias -> strict-registry-alias,dynamic,unknown,RuntimeDetect,conditional,false,true,no static package ID; exact runtime source resolution is required before install or uninstall
190,LogMeIn Hamachi,VIRTUÁLIS HÁLÓZAT / VPN / LAN,LogMeIn Hamachi,,windows,,false,runtime_exact_required,true,exact-package-id -> exact-display-alias -> strict-registry-alias,dynamic,unknown,RuntimeDetect,conditional,false,true,no static package ID; exact runtime source resolution is required before install or uninstall
191,Tailscale,VIRTUÁLIS HÁLÓZAT / VPN / LAN,Tailscale,,windows,,false,exact_name_verified,true,exact-package-id -> exact-display-alias -> strict-registry-alias,dynamic,unknown,RuntimeDetect,conditional,false,true,
192,ZeroTier,VIRTUÁLIS HÁLÓZAT / VPN / LAN,ZeroTier,,windows,,false,runtime_exact_required,true,exact-package-id -> exact-display-alias -> strict-registry-alias,dynamic,unknown,RuntimeDetect,conditional,false,true,no static package ID; exact runtime source resolution is required before install or uninstall
193,WireGuard,VIRTUÁLIS HÁLÓZAT / VPN / LAN,WireGuard,,windows,,false,exact_name_verified,true,exact-package-id -> exact-display-alias -> strict-registry-alias,dynamic,unknown,RuntimeDetect,conditional,false,true,
194,OpenVPN Connect,VIRTUÁLIS HÁLÓZAT / VPN / LAN,OpenVPN Connect,,windows,,false,exact_name_verified,true,exact-package-id -> exact-display-alias -> strict-registry-alias,dynamic,unknown,RuntimeDetect,conditional,false,true,
195,SoftEther VPN Client,VIRTUÁLIS HÁLÓZAT / VPN / LAN,SoftEther VPN Client,,windows,,false,runtime_exact_required,true,exact-package-id -> exact-display-alias -> strict-registry-alias,dynamic,unknown,RuntimeDetect,conditional,false,true,no static package ID; exact runtime source resolution is required before install or uninstall
196,Proton VPN,VIRTUÁLIS HÁLÓZAT / VPN / LAN,Proton VPN,,windows,,false,exact_name_verified,true,exact-package-id -> exact-display-alias -> strict-registry-alias,dynamic,unknown,RuntimeDetect,conditional,false,true,
197,Mullvad VPN,VIRTUÁLIS HÁLÓZAT / VPN / LAN,Mullvad VPN,,windows,,false,runtime_exact_required,true,exact-package-id -> exact-display-alias -> strict-registry-alias,dynamic,unknown,RuntimeDetect,conditional,false,true,no static package ID; exact runtime source resolution is required before install or uninstall
198,Windscribe,VIRTUÁLIS HÁLÓZAT / VPN / LAN,Windscribe,,windows,,false,exact_name_verified,true,exact-package-id -> exact-display-alias -> strict-registry-alias,dynamic,unknown,RuntimeDetect,conditional,false,true,
199,Cloudflare WARP,VIRTUÁLIS HÁLÓZAT / VPN / LAN,Cloudflare WARP,,windows,,false,runtime_exact_required,true,exact-package-id -> exact-display-alias -> strict-registry-alias,dynamic,unknown,RuntimeDetect,conditional,false,true,no static package ID; exact runtime source resolution is required before install or uninstall
200,TunnelBear,VIRTUÁLIS HÁLÓZAT / VPN / LAN,TunnelBear,,windows,,false,exact_name_verified,true,exact-package-id -> exact-display-alias -> strict-registry-alias,dynamic,unknown,RuntimeDetect,conditional,false,true,
201,NordVPN,VIRTUÁLIS HÁLÓZAT / VPN / LAN,NordVPN,,windows,,false,runtime_exact_required,true,exact-package-id -> exact-display-alias -> strict-registry-alias,dynamic,unknown,RuntimeDetect,conditional,false,true,no static package ID; exact runtime source resolution is required before install or uninstall
202,Surfshark,VIRTUÁLIS HÁLÓZAT / VPN / LAN,Surfshark,,windows,,false,runtime_exact_required,true,exact-package-id -> exact-display-alias -> strict-registry-alias,dynamic,unknown,RuntimeDetect,conditional,false,true,no static package ID; exact runtime source resolution is required before install or uninstall
203,Private Internet Access,VIRTUÁLIS HÁLÓZAT / VPN / LAN,Private Internet Access,,windows,,false,runtime_exact_required,true,exact-package-id -> exact-display-alias -> strict-registry-alias,dynamic,unknown,RuntimeDetect,conditional,false,true,no static package ID; exact runtime source resolution is required before install or uninstall
204,NetBird,VIRTUÁLIS HÁLÓZAT / VPN / LAN,NetBird,,windows,,false,exact_name_verified,true,exact-package-id -> exact-display-alias -> strict-registry-alias,dynamic,unknown,RuntimeDetect,conditional,false,true,
205,Headscale,VIRTUÁLIS HÁLÓZAT / VPN / LAN,Headscale,,windows,,false,runtime_exact_required,true,exact-package-id -> exact-display-alias -> strict-registry-alias,dynamic,unknown,RuntimeDetect,conditional,false,true,no static package ID; exact runtime source resolution is required before install or uninstall
206,Nebula,VIRTUÁLIS HÁLÓZAT / VPN / LAN,Nebula,,windows,,false,runtime_exact_required,true,exact-package-id -> exact-display-alias -> strict-registry-alias,dynamic,unknown,RuntimeDetect,conditional,false,true,no static package ID; exact runtime source resolution is required before install or uninstall
207,Radmin VPN,VIRTUÁLIS HÁLÓZAT / VPN / LAN,Radmin VPN,,windows,,false,exact_name_verified,true,exact-package-id -> exact-display-alias -> strict-registry-alias,dynamic,unknown,RuntimeDetect,conditional,false,true,
208,GameRanger,VIRTUÁLIS HÁLÓZAT / VPN / LAN,GameRanger,,windows,,false,runtime_exact_required,true,exact-package-id -> exact-display-alias -> strict-registry-alias,dynamic,unknown,RuntimeDetect,conditional,false,true,no static package ID; exact runtime source resolution is required before install or uninstall
209,TeamViewer,TÁVOLI ELÉRÉS / REMOTE DESKTOP,TeamViewer,,windows,,false,runtime_exact_required,true,exact-package-id -> exact-display-alias -> strict-registry-alias,dynamic,unknown,RuntimeDetect,conditional,false,true,no static package ID; exact runtime source resolution is required before install or uninstall
210,RustDesk,TÁVOLI ELÉRÉS / REMOTE DESKTOP,RustDesk,,windows,,false,runtime_exact_required,true,exact-package-id -> exact-display-alias -> strict-registry-alias,dynamic,unknown,RuntimeDetect,conditional,false,true,no static package ID; exact runtime source resolution is required before install or uninstall
211,UltraVNC,TÁVOLI ELÉRÉS / REMOTE DESKTOP,UltraVNC,,windows,,false,exact_name_verified,true,exact-package-id -> exact-display-alias -> strict-registry-alias,dynamic,unknown,RuntimeDetect,conditional,false,true,
212,Chrome Remote Desktop,TÁVOLI ELÉRÉS / REMOTE DESKTOP,Chrome Remote Desktop,,windows,,false,runtime_exact_required,true,exact-package-id -> exact-display-alias -> strict-registry-alias,dynamic,unknown,RuntimeDetect,conditional,false,true,no static package ID; exact runtime source resolution is required before install or uninstall
213,Microsoft Remote Desktop,TÁVOLI ELÉRÉS / REMOTE DESKTOP,Microsoft Remote Desktop,,windows,,false,runtime_exact_required,true,exact-package-id -> exact-display-alias -> strict-registry-alias,dynamic,unknown,RuntimeDetect,conditional,false,true,no static package ID; exact runtime source resolution is required before install or uninstall
214,mRemoteNG,TÁVOLI ELÉRÉS / REMOTE DESKTOP,mRemoteNG,,windows,,false,exact_name_verified,true,exact-package-id -> exact-display-alias -> strict-registry-alias,dynamic,unknown,RuntimeDetect,conditional,false,true,
215,MobaXterm,TÁVOLI ELÉRÉS / REMOTE DESKTOP,MobaXterm,,windows,,false,runtime_exact_required,true,exact-package-id -> exact-display-alias -> strict-registry-alias,dynamic,unknown,RuntimeDetect,conditional,false,true,no static package ID; exact runtime source resolution is required before install or uninstall
216,Termius,TÁVOLI ELÉRÉS / REMOTE DESKTOP,Termius,,windows,,false,exact_name_verified,true,exact-package-id -> exact-display-alias -> strict-registry-alias,dynamic,unknown,RuntimeDetect,conditional,false,true,
217,NoMachine,TÁVOLI ELÉRÉS / REMOTE DESKTOP,NoMachine,,windows,,false,exact_name_verified,true,exact-package-id -> exact-display-alias -> strict-registry-alias,dynamic,unknown,RuntimeDetect,conditional,false,true,
218,Splashtop,TÁVOLI ELÉRÉS / REMOTE DESKTOP,Splashtop,,windows,,false,runtime_exact_required,true,exact-package-id -> exact-display-alias -> strict-registry-alias,dynamic,unknown,RuntimeDetect,conditional,false,true,no static package ID; exact runtime source resolution is required before install or uninstall
219,DWService,TÁVOLI ELÉRÉS / REMOTE DESKTOP,DWService,,windows,,false,runtime_exact_required,true,exact-package-id -> exact-display-alias -> strict-registry-alias,dynamic,unknown,RuntimeDetect,conditional,false,true,no static package ID; exact runtime source resolution is required before install or uninstall
220,Ollama,LOKÁLIS AI / LLM / CHAT,Ollama,,windows,Ollama.Ollama,true,hardcoded_id_verified,true,exact-package-id -> exact-display-alias -> strict-registry-alias,dynamic,unknown,RuntimeDetect,conditional,false,true,
221,LM Studio,LOKÁLIS AI / LLM / CHAT,LM Studio,,windows,ElementLabs.LMStudio,true,hardcoded_id_verified,true,exact-package-id -> exact-display-alias -> strict-registry-alias,dynamic,unknown,RuntimeDetect,conditional,false,true,
222,Jan,LOKÁLIS AI / LLM / CHAT,Jan,,windows,,false,exact_name_verified,true,exact-package-id -> exact-display-alias -> strict-registry-alias,dynamic,unknown,RuntimeDetect,conditional,false,true,
223,GPT4All,LOKÁLIS AI / LLM / CHAT,GPT4All,,windows,,false,exact_name_verified,true,exact-package-id -> exact-display-alias -> strict-registry-alias,dynamic,unknown,RuntimeDetect,conditional,false,true,
224,AnythingLLM,LOKÁLIS AI / LLM / CHAT,AnythingLLM,,windows,,false,runtime_exact_required,true,exact-package-id -> exact-display-alias -> strict-registry-alias,dynamic,unknown,RuntimeDetect,conditional,false,true,no static package ID; exact runtime source resolution is required before install or uninstall
225,Open WebUI,LOKÁLIS AI / LLM / CHAT,Open WebUI,,windows,,false,exact_name_verified,true,exact-package-id -> exact-display-alias -> strict-registry-alias,dynamic,unknown,RuntimeDetect,conditional,false,true,
226,llama.cpp,LOKÁLIS AI / LLM / CHAT,llama.cpp,,windows,,false,exact_name_verified,true,exact-package-id -> exact-display-alias -> strict-registry-alias,dynamic,unknown,RuntimeDetect,conditional,false,true,
227,KoboldCpp,LOKÁLIS AI / LLM / CHAT,KoboldCpp,,windows,,false,runtime_exact_required,true,exact-package-id -> exact-display-alias -> strict-registry-alias,dynamic,unknown,RuntimeDetect,conditional,false,true,no static package ID; exact runtime source resolution is required before install or uninstall
228,text-generation-webui,LOKÁLIS AI / LLM / CHAT,text-generation-webui,,windows,,false,runtime_exact_required,true,exact-package-id -> exact-display-alias -> strict-registry-alias,dynamic,unknown,RuntimeDetect,conditional,false,true,no static package ID; exact runtime source resolution is required before install or uninstall
229,LocalAI,LOKÁLIS AI / LLM / CHAT,LocalAI,,windows,,false,runtime_exact_required,true,exact-package-id -> exact-display-alias -> strict-registry-alias,dynamic,unknown,RuntimeDetect,conditional,false,true,no static package ID; exact runtime source resolution is required before install or uninstall
230,vLLM,LOKÁLIS AI / LLM / CHAT,vLLM,,windows,,false,runtime_exact_required,true,exact-package-id -> exact-display-alias -> strict-registry-alias,dynamic,unknown,RuntimeDetect,conditional,false,true,no static package ID; exact runtime source resolution is required before install or uninstall
231,OpenLLM,LOKÁLIS AI / LLM / CHAT,OpenLLM,,windows,,false,runtime_exact_required,true,exact-package-id -> exact-display-alias -> strict-registry-alias,dynamic,unknown,RuntimeDetect,conditional,false,true,no static package ID; exact runtime source resolution is required before install or uninstall
232,Pinokio,LOKÁLIS AI / LLM / CHAT,Pinokio,,windows,,false,exact_name_verified,true,exact-package-id -> exact-display-alias -> strict-registry-alias,dynamic,unknown,RuntimeDetect,conditional,false,true,
233,Open Interpreter,LOKÁLIS AI / LLM / CHAT,Open Interpreter,,windows,,false,runtime_exact_required,true,exact-package-id -> exact-display-alias -> strict-registry-alias,dynamic,unknown,RuntimeDetect,conditional,false,true,no static package ID; exact runtime source resolution is required before install or uninstall
234,Continue,LOKÁLIS AI / LLM / CHAT,Continue,,windows,,false,runtime_exact_required,true,exact-package-id -> exact-display-alias -> strict-registry-alias,dynamic,unknown,RuntimeDetect,conditional,false,true,no static package ID; exact runtime source resolution is required before install or uninstall
235,Aider,LOKÁLIS AI / LLM / CHAT,Aider,,windows,,false,runtime_exact_required,true,exact-package-id -> exact-display-alias -> strict-registry-alias,dynamic,unknown,RuntimeDetect,conditional,false,true,no static package ID; exact runtime source resolution is required before install or uninstall
236,Cline,LOKÁLIS AI / LLM / CHAT,Cline,,windows,,false,runtime_exact_required,true,exact-package-id -> exact-display-alias -> strict-registry-alias,dynamic,unknown,RuntimeDetect,conditional,false,true,no static package ID; exact runtime source resolution is required before install or uninstall
237,Roo Code,LOKÁLIS AI / LLM / CHAT,Roo Code,,windows,,false,runtime_exact_required,true,exact-package-id -> exact-display-alias -> strict-registry-alias,dynamic,unknown,RuntimeDetect,conditional,false,true,no static package ID; exact runtime source resolution is required before install or uninstall
238,Claude Code,LOKÁLIS AI / LLM / CHAT,Claude Code,,windows,,false,runtime_exact_required,true,exact-package-id -> exact-display-alias -> strict-registry-alias,dynamic,unknown,RuntimeDetect,conditional,false,true,no static package ID; exact runtime source resolution is required before install or uninstall
239,Codex CLI,LOKÁLIS AI / LLM / CHAT,Codex CLI,,windows,,false,runtime_exact_required,true,exact-package-id -> exact-display-alias -> strict-registry-alias,dynamic,unknown,RuntimeDetect,conditional,false,true,no static package ID; exact runtime source resolution is required before install or uninstall
240,OpenHands,LOKÁLIS AI / LLM / CHAT,OpenHands,,windows,,false,runtime_exact_required,true,exact-package-id -> exact-display-alias -> strict-registry-alias,dynamic,unknown,RuntimeDetect,conditional,false,true,no static package ID; exact runtime source resolution is required before install or uninstall
241,Dify,LOKÁLIS AI / LLM / CHAT,Dify,,windows,,false,runtime_exact_required,true,exact-package-id -> exact-display-alias -> strict-registry-alias,dynamic,unknown,RuntimeDetect,conditional,false,true,no static package ID; exact runtime source resolution is required before install or uninstall
242,Flowise,LOKÁLIS AI / LLM / CHAT,Flowise,,windows,,false,runtime_exact_required,true,exact-package-id -> exact-display-alias -> strict-registry-alias,dynamic,unknown,RuntimeDetect,conditional,false,true,no static package ID; exact runtime source resolution is required before install or uninstall
243,Langflow,LOKÁLIS AI / LLM / CHAT,Langflow,,windows,,false,exact_name_verified,true,exact-package-id -> exact-display-alias -> strict-registry-alias,dynamic,unknown,RuntimeDetect,conditional,false,true,
244,AnythingLLM Desktop,LOKÁLIS AI / LLM / CHAT,AnythingLLM Desktop,,windows,,false,runtime_exact_required,true,exact-package-id -> exact-display-alias -> strict-registry-alias,dynamic,unknown,RuntimeDetect,conditional,false,true,no static package ID; exact runtime source resolution is required before install or uninstall
245,PrivateGPT,LOKÁLIS AI / LLM / CHAT,PrivateGPT,,windows,,false,runtime_exact_required,true,exact-package-id -> exact-display-alias -> strict-registry-alias,dynamic,unknown,RuntimeDetect,conditional,false,true,no static package ID; exact runtime source resolution is required before install or uninstall
246,Chatbox,LOKÁLIS AI / LLM / CHAT,Chatbox,,windows,,false,runtime_exact_required,true,exact-package-id -> exact-display-alias -> strict-registry-alias,dynamic,unknown,RuntimeDetect,conditional,false,true,no static package ID; exact runtime source resolution is required before install or uninstall
247,Msty,LOKÁLIS AI / LLM / CHAT,Msty,,windows,,false,runtime_exact_required,true,exact-package-id -> exact-display-alias -> strict-registry-alias,dynamic,unknown,RuntimeDetect,conditional,false,true,no static package ID; exact runtime source resolution is required before install or uninstall
248,Cherry Studio,LOKÁLIS AI / LLM / CHAT,Cherry Studio,,windows,,false,exact_name_verified,true,exact-package-id -> exact-display-alias -> strict-registry-alias,dynamic,unknown,RuntimeDetect,conditional,false,true,
249,Perplexica,LOKÁLIS AI / LLM / CHAT,Perplexica,,windows,,false,runtime_exact_required,true,exact-package-id -> exact-display-alias -> strict-registry-alias,dynamic,unknown,RuntimeDetect,conditional,false,true,no static package ID; exact runtime source resolution is required before install or uninstall
250,Khoj,LOKÁLIS AI / LLM / CHAT,Khoj,,windows,,false,exact_name_verified,true,exact-package-id -> exact-display-alias -> strict-registry-alias,dynamic,unknown,RuntimeDetect,conditional,false,true,
251,LibreChat,LOKÁLIS AI / LLM / CHAT,LibreChat,,windows,,false,runtime_exact_required,true,exact-package-id -> exact-display-alias -> strict-registry-alias,dynamic,unknown,RuntimeDetect,conditional,false,true,no static package ID; exact runtime source resolution is required before install or uninstall
252,SillyTavern,LOKÁLIS AI / LLM / CHAT,SillyTavern,,windows,,false,runtime_exact_required,true,exact-package-id -> exact-display-alias -> strict-registry-alias,dynamic,unknown,RuntimeDetect,conditional,false,true,no static package ID; exact runtime source resolution is required before install or uninstall
253,ComfyUI,AI KÉPGENERÁLÁS / STABLE DIFFUSION,ComfyUI,,windows,,false,exact_name_verified,true,exact-package-id -> exact-display-alias -> strict-registry-alias,dynamic,unknown,RuntimeDetect,conditional,false,true,
254,AUTOMATIC1111 Stable Diffusion WebUI,AI KÉPGENERÁLÁS / STABLE DIFFUSION,AUTOMATIC1111 Stable Diffusion WebUI,,windows,,false,runtime_exact_required,true,exact-package-id -> exact-display-alias -> strict-registry-alias,dynamic,unknown,RuntimeDetect,conditional,false,true,no static package ID; exact runtime source resolution is required before install or uninstall
255,Forge WebUI,AI KÉPGENERÁLÁS / STABLE DIFFUSION,Forge WebUI,,windows,,false,runtime_exact_required,true,exact-package-id -> exact-display-alias -> strict-registry-alias,dynamic,unknown,RuntimeDetect,conditional,false,true,no static package ID; exact runtime source resolution is required before install or uninstall
256,Fooocus,AI KÉPGENERÁLÁS / STABLE DIFFUSION,Fooocus,,windows,,false,runtime_exact_required,true,exact-package-id -> exact-display-alias -> strict-registry-alias,dynamic,unknown,RuntimeDetect,conditional,false,true,no static package ID; exact runtime source resolution is required before install or uninstall
257,InvokeAI,AI KÉPGENERÁLÁS / STABLE DIFFUSION,InvokeAI,,windows,,false,exact_name_verified,true,exact-package-id -> exact-display-alias -> strict-registry-alias,dynamic,unknown,RuntimeDetect,conditional,false,true,
258,SwarmUI,AI KÉPGENERÁLÁS / STABLE DIFFUSION,SwarmUI,,windows,,false,runtime_exact_required,true,exact-package-id -> exact-display-alias -> strict-registry-alias,dynamic,unknown,RuntimeDetect,conditional,false,true,no static package ID; exact runtime source resolution is required before install or uninstall
259,DiffusionBee,AI KÉPGENERÁLÁS / STABLE DIFFUSION,DiffusionBee,,windows,,false,runtime_exact_required,true,exact-package-id -> exact-display-alias -> strict-registry-alias,dynamic,unknown,RuntimeDetect,conditional,false,true,no static package ID; exact runtime source resolution is required before install or uninstall
260,Stable Diffusion WebUI Forge,AI KÉPGENERÁLÁS / STABLE DIFFUSION,Stable Diffusion WebUI Forge,,windows,,false,runtime_exact_required,true,exact-package-id -> exact-display-alias -> strict-registry-alias,dynamic,unknown,RuntimeDetect,conditional,false,true,no static package ID; exact runtime source resolution is required before install or uninstall
261,Easy Diffusion,AI KÉPGENERÁLÁS / STABLE DIFFUSION,Easy Diffusion,,windows,,false,runtime_exact_required,true,exact-package-id -> exact-display-alias -> strict-registry-alias,dynamic,unknown,RuntimeDetect,conditional,false,true,no static package ID; exact runtime source resolution is required before install or uninstall
262,Krita AI Diffusion plugin,AI KÉPGENERÁLÁS / STABLE DIFFUSION,Krita AI Diffusion plugin,,windows,,false,runtime_exact_required,true,exact-package-id -> exact-display-alias -> strict-registry-alias,dynamic,unknown,RuntimeDetect,conditional,false,true,no static package ID; exact runtime source resolution is required before install or uninstall
263,Draw Things,AI KÉPGENERÁLÁS / STABLE DIFFUSION,Draw Things,,windows,,false,runtime_exact_required,true,exact-package-id -> exact-display-alias -> strict-registry-alias,dynamic,unknown,RuntimeDetect,conditional,false,true,no static package ID; exact runtime source resolution is required before install or uninstall
264,Upscayl,AI KÉPGENERÁLÁS / STABLE DIFFUSION,Upscayl,,windows,,false,exact_name_verified,true,exact-package-id -> exact-display-alias -> strict-registry-alias,dynamic,unknown,RuntimeDetect,conditional,false,true,
265,Real-ESRGAN,AI KÉPGENERÁLÁS / STABLE DIFFUSION,Real-ESRGAN,,windows,,false,runtime_exact_required,true,exact-package-id -> exact-display-alias -> strict-registry-alias,dynamic,unknown,RuntimeDetect,conditional,false,true,no static package ID; exact runtime source resolution is required before install or uninstall
266,Topaz Photo AI,AI KÉPGENERÁLÁS / STABLE DIFFUSION,Topaz Photo AI,,windows,,false,runtime_exact_required,true,exact-package-id -> exact-display-alias -> strict-registry-alias,dynamic,unknown,RuntimeDetect,conditional,false,true,no static package ID; exact runtime source resolution is required before install or uninstall
267,Topaz Gigapixel AI,AI KÉPGENERÁLÁS / STABLE DIFFUSION,Topaz Gigapixel AI,,windows,,false,runtime_exact_required,true,exact-package-id -> exact-display-alias -> strict-registry-alias,dynamic,unknown,RuntimeDetect,conditional,false,true,no static package ID; exact runtime source resolution is required before install or uninstall
268,Windsurf,AI FEJLESZTŐI ESZKÖZÖK,Windsurf,,windows,,false,runtime_exact_required,true,exact-package-id -> exact-display-alias -> strict-registry-alias,dynamic,unknown,RuntimeDetect,conditional,false,true,no static package ID; exact runtime source resolution is required before install or uninstall
269,GitHub Copilot,AI FEJLESZTŐI ESZKÖZÖK,GitHub Copilot,,windows,,false,runtime_exact_required,true,exact-package-id -> exact-display-alias -> strict-registry-alias,dynamic,unknown,RuntimeDetect,conditional,false,true,no static package ID; exact runtime source resolution is required before install or uninstall
270,Tabby,AI FEJLESZTŐI ESZKÖZÖK,Tabby,,windows,,false,runtime_exact_required,true,exact-package-id -> exact-display-alias -> strict-registry-alias,dynamic,unknown,RuntimeDetect,conditional,false,true,no static package ID; exact runtime source resolution is required before install or uninstall
271,Sourcegraph Cody,AI FEJLESZTŐI ESZKÖZÖK,Sourcegraph Cody,,windows,,false,runtime_exact_required,true,exact-package-id -> exact-display-alias -> strict-registry-alias,dynamic,unknown,RuntimeDetect,conditional,false,true,no static package ID; exact runtime source resolution is required before install or uninstall
272,JetBrains AI Assistant,AI FEJLESZTŐI ESZKÖZÖK,JetBrains AI Assistant,,windows,,false,runtime_exact_required,true,exact-package-id -> exact-display-alias -> strict-registry-alias,dynamic,unknown,RuntimeDetect,conditional,false,true,no static package ID; exact runtime source resolution is required before install or uninstall
273,Amazon Q Developer,AI FEJLESZTŐI ESZKÖZÖK,Amazon Q Developer,,windows,,false,runtime_exact_required,true,exact-package-id -> exact-display-alias -> strict-registry-alias,dynamic,unknown,RuntimeDetect,conditional,false,true,no static package ID; exact runtime source resolution is required before install or uninstall
274,Pieces for Developers,AI FEJLESZTŐI ESZKÖZÖK,Pieces for Developers,,windows,,false,runtime_exact_required,true,exact-package-id -> exact-display-alias -> strict-registry-alias,dynamic,unknown,RuntimeDetect,conditional,false,true,no static package ID; exact runtime source resolution is required before install or uninstall
275,Codeium / Windsurf plugin,AI FEJLESZTŐI ESZKÖZÖK,Codeium / Windsurf plugin,,windows,,false,runtime_exact_required,true,exact-package-id -> exact-display-alias -> strict-registry-alias,dynamic,unknown,RuntimeDetect,conditional,false,true,no static package ID; exact runtime source resolution is required before install or uninstall
276,Continue.dev,AI FEJLESZTŐI ESZKÖZÖK,Continue.dev,,windows,,false,runtime_exact_required,true,exact-package-id -> exact-display-alias -> strict-registry-alias,dynamic,unknown,RuntimeDetect,conditional,false,true,no static package ID; exact runtime source resolution is required before install or uninstall
277,Tabnine,AI FEJLESZTŐI ESZKÖZÖK,Tabnine,,windows,,false,runtime_exact_required,true,exact-package-id -> exact-display-alias -> strict-registry-alias,dynamic,unknown,RuntimeDetect,conditional,false,true,no static package ID; exact runtime source resolution is required before install or uninstall
278,XAMPP,WEBFEJLESZTŐI STACK / LOKÁLIS SZERVER,XAMPP,,windows,,false,runtime_exact_required,true,exact-package-id -> exact-display-alias -> strict-registry-alias,dynamic,unknown,RuntimeDetect,conditional,false,true,no static package ID; exact runtime source resolution is required before install or uninstall
279,WampServer,WEBFEJLESZTŐI STACK / LOKÁLIS SZERVER,WampServer,,windows,,false,exact_name_verified,true,exact-package-id -> exact-display-alias -> strict-registry-alias,dynamic,unknown,RuntimeDetect,conditional,false,true,
280,Laragon,WEBFEJLESZTŐI STACK / LOKÁLIS SZERVER,Laragon,,windows,,false,exact_name_verified,true,exact-package-id -> exact-display-alias -> strict-registry-alias,dynamic,unknown,RuntimeDetect,conditional,false,true,
281,MAMP,WEBFEJLESZTŐI STACK / LOKÁLIS SZERVER,MAMP,,windows,,false,runtime_exact_required,true,exact-package-id -> exact-display-alias -> strict-registry-alias,dynamic,unknown,RuntimeDetect,conditional,false,true,no static package ID; exact runtime source resolution is required before install or uninstall
282,LocalWP,WEBFEJLESZTŐI STACK / LOKÁLIS SZERVER,LocalWP,,windows,,false,runtime_exact_required,true,exact-package-id -> exact-display-alias -> strict-registry-alias,dynamic,unknown,RuntimeDetect,conditional,false,true,no static package ID; exact runtime source resolution is required before install or uninstall
283,DDEV,WEBFEJLESZTŐI STACK / LOKÁLIS SZERVER,DDEV,,windows,,false,exact_name_verified,true,exact-package-id -> exact-display-alias -> strict-registry-alias,dynamic,unknown,RuntimeDetect,conditional,false,true,
284,Devilbox,WEBFEJLESZTŐI STACK / LOKÁLIS SZERVER,Devilbox,,windows,,false,runtime_exact_required,true,exact-package-id -> exact-display-alias -> strict-registry-alias,dynamic,unknown,RuntimeDetect,conditional,false,true,no static package ID; exact runtime source resolution is required before install or uninstall
285,Lando,WEBFEJLESZTŐI STACK / LOKÁLIS SZERVER,Lando,,windows,,false,runtime_exact_required,true,exact-package-id -> exact-display-alias -> strict-registry-alias,dynamic,unknown,RuntimeDetect,conditional,false,true,no static package ID; exact runtime source resolution is required before install or uninstall
286,Podman Desktop,WEBFEJLESZTŐI STACK / LOKÁLIS SZERVER,Podman Desktop,,windows,,false,exact_name_verified,true,exact-package-id -> exact-display-alias -> strict-registry-alias,dynamic,unknown,RuntimeDetect,conditional,false,true,
287,Rancher Desktop,WEBFEJLESZTŐI STACK / LOKÁLIS SZERVER,Rancher Desktop,,windows,,false,runtime_exact_required,true,exact-package-id -> exact-display-alias -> strict-registry-alias,dynamic,unknown,RuntimeDetect,conditional,false,true,no static package ID; exact runtime source resolution is required before install or uninstall
288,WSL,WEBFEJLESZTŐI STACK / LOKÁLIS SZERVER,WSL,,windows,,false,runtime_exact_required,true,exact-package-id -> exact-display-alias -> strict-registry-alias,dynamic,unknown,RuntimeDetect,conditional,false,true,no static package ID; exact runtime source resolution is required before install or uninstall
289,WSL2,WEBFEJLESZTŐI STACK / LOKÁLIS SZERVER,WSL2,,windows,,false,runtime_exact_required,true,exact-package-id -> exact-display-alias -> strict-registry-alias,dynamic,unknown,RuntimeDetect,conditional,false,true,no static package ID; exact runtime source resolution is required before install or uninstall
290,Apache HTTP Server,WEBFEJLESZTŐI STACK / LOKÁLIS SZERVER,Apache HTTP Server,,windows,,false,runtime_exact_required,true,exact-package-id -> exact-display-alias -> strict-registry-alias,dynamic,unknown,RuntimeDetect,conditional,false,true,no static package ID; exact runtime source resolution is required before install or uninstall
291,Nginx,WEBFEJLESZTŐI STACK / LOKÁLIS SZERVER,Nginx,,windows,,false,runtime_exact_required,true,exact-package-id -> exact-display-alias -> strict-registry-alias,dynamic,unknown,RuntimeDetect,conditional,false,true,no static package ID; exact runtime source resolution is required before install or uninstall
292,Caddy,WEBFEJLESZTŐI STACK / LOKÁLIS SZERVER,Caddy,,windows,,false,exact_name_verified,true,exact-package-id -> exact-display-alias -> strict-registry-alias,dynamic,unknown,RuntimeDetect,conditional,false,true,
293,IIS Express,WEBFEJLESZTŐI STACK / LOKÁLIS SZERVER,IIS Express,,windows,,false,runtime_exact_required,true,exact-package-id -> exact-display-alias -> strict-registry-alias,dynamic,unknown,RuntimeDetect,conditional,false,true,no static package ID; exact runtime source resolution is required before install or uninstall
294,PHP,WEBFEJLESZTŐI STACK / LOKÁLIS SZERVER,PHP,,windows,,false,runtime_exact_required,true,exact-package-id -> exact-display-alias -> strict-registry-alias,dynamic,unknown,RuntimeDetect,conditional,false,true,no static package ID; exact runtime source resolution is required before install or uninstall
295,Composer,WEBFEJLESZTŐI STACK / LOKÁLIS SZERVER,Composer,,windows,,false,runtime_exact_required,true,exact-package-id -> exact-display-alias -> strict-registry-alias,dynamic,unknown,RuntimeDetect,conditional,false,true,no static package ID; exact runtime source resolution is required before install or uninstall
296,npm,WEBFEJLESZTŐI STACK / LOKÁLIS SZERVER,npm,,windows,,false,runtime_exact_required,true,exact-package-id -> exact-display-alias -> strict-registry-alias,dynamic,unknown,RuntimeDetect,conditional,false,true,no static package ID; exact runtime source resolution is required before install or uninstall
297,pnpm,WEBFEJLESZTŐI STACK / LOKÁLIS SZERVER,pnpm,,windows,,false,runtime_exact_required,true,exact-package-id -> exact-display-alias -> strict-registry-alias,dynamic,unknown,RuntimeDetect,conditional,false,true,no static package ID; exact runtime source resolution is required before install or uninstall
298,Yarn,WEBFEJLESZTŐI STACK / LOKÁLIS SZERVER,Yarn,,windows,,false,exact_name_verified,true,exact-package-id -> exact-display-alias -> strict-registry-alias,dynamic,unknown,RuntimeDetect,conditional,false,true,
299,Bun,WEBFEJLESZTŐI STACK / LOKÁLIS SZERVER,Bun,,windows,,false,exact_name_verified,true,exact-package-id -> exact-display-alias -> strict-registry-alias,dynamic,unknown,RuntimeDetect,conditional,false,true,
300,Deno,WEBFEJLESZTŐI STACK / LOKÁLIS SZERVER,Deno,,windows,,false,exact_name_verified,true,exact-package-id -> exact-display-alias -> strict-registry-alias,dynamic,unknown,RuntimeDetect,conditional,false,true,
301,Python,WEBFEJLESZTŐI STACK / LOKÁLIS SZERVER,Python 3,Python 3,windows,Python.Python.3.13,true,hardcoded_id_verified,true,exact-package-id -> exact-display-alias -> strict-registry-alias,dynamic,unknown,RuntimeDetect,conditional,false,true,
302,pip,WEBFEJLESZTŐI STACK / LOKÁLIS SZERVER,pip,,windows,,false,runtime_exact_required,true,exact-package-id -> exact-display-alias -> strict-registry-alias,dynamic,unknown,RuntimeDetect,conditional,false,true,no static package ID; exact runtime source resolution is required before install or uninstall
303,Ruby,WEBFEJLESZTŐI STACK / LOKÁLIS SZERVER,Ruby,,windows,,false,runtime_exact_required,true,exact-package-id -> exact-display-alias -> strict-registry-alias,dynamic,unknown,RuntimeDetect,conditional,false,true,no static package ID; exact runtime source resolution is required before install or uninstall
304,Ruby on Rails,WEBFEJLESZTŐI STACK / LOKÁLIS SZERVER,Ruby on Rails,,windows,,false,runtime_exact_required,true,exact-package-id -> exact-display-alias -> strict-registry-alias,dynamic,unknown,RuntimeDetect,conditional,false,true,no static package ID; exact runtime source resolution is required before install or uninstall
305,Go,WEBFEJLESZTŐI STACK / LOKÁLIS SZERVER,Go,,windows,,false,runtime_exact_required,true,exact-package-id -> exact-display-alias -> strict-registry-alias,dynamic,unknown,RuntimeDetect,conditional,false,true,no static package ID; exact runtime source resolution is required before install or uninstall
306,Rust,WEBFEJLESZTŐI STACK / LOKÁLIS SZERVER,Rust,,windows,,false,runtime_exact_required,true,exact-package-id -> exact-display-alias -> strict-registry-alias,dynamic,unknown,RuntimeDetect,conditional,false,true,no static package ID; exact runtime source resolution is required before install or uninstall
307,Java JDK,WEBFEJLESZTŐI STACK / LOKÁLIS SZERVER,Java JDK,,windows,,false,runtime_exact_required,true,exact-package-id -> exact-display-alias -> strict-registry-alias,dynamic,unknown,RuntimeDetect,conditional,false,true,no static package ID; exact runtime source resolution is required before install or uninstall
308,.NET SDK,WEBFEJLESZTŐI STACK / LOKÁLIS SZERVER,.NET SDK,,windows,,false,runtime_exact_required,true,exact-package-id -> exact-display-alias -> strict-registry-alias,dynamic,unknown,RuntimeDetect,conditional,false,true,no static package ID; exact runtime source resolution is required before install or uninstall
309,MySQL,ADATBÁZIS SZERVEREK,MySQL,,windows,,false,exact_name_verified,true,exact-package-id -> exact-display-alias -> strict-registry-alias,dynamic,unknown,RuntimeDetect,conditional,false,true,
310,MariaDB,ADATBÁZIS SZERVEREK,MariaDB,,windows,,false,exact_name_verified,true,exact-package-id -> exact-display-alias -> strict-registry-alias,dynamic,unknown,RuntimeDetect,conditional,false,true,
311,PostgreSQL,ADATBÁZIS SZERVEREK,PostgreSQL,,windows,,false,runtime_exact_required,true,exact-package-id -> exact-display-alias -> strict-registry-alias,dynamic,unknown,RuntimeDetect,conditional,false,true,no static package ID; exact runtime source resolution is required before install or uninstall
312,SQLite,ADATBÁZIS SZERVEREK,SQLite,,windows,,false,exact_name_verified,true,exact-package-id -> exact-display-alias -> strict-registry-alias,dynamic,unknown,RuntimeDetect,conditional,false,true,
313,MongoDB Community Server,ADATBÁZIS SZERVEREK,MongoDB Community Server,,windows,,false,runtime_exact_required,true,exact-package-id -> exact-display-alias -> strict-registry-alias,dynamic,unknown,RuntimeDetect,conditional,false,true,no static package ID; exact runtime source resolution is required before install or uninstall
314,Redis,ADATBÁZIS SZERVEREK,Redis,,windows,,false,runtime_exact_required,true,exact-package-id -> exact-display-alias -> strict-registry-alias,dynamic,unknown,RuntimeDetect,conditional,false,true,no static package ID; exact runtime source resolution is required before install or uninstall
315,Memcached,ADATBÁZIS SZERVEREK,Memcached,,windows,,false,runtime_exact_required,true,exact-package-id -> exact-display-alias -> strict-registry-alias,dynamic,unknown,RuntimeDetect,conditional,false,true,no static package ID; exact runtime source resolution is required before install or uninstall
316,Microsoft SQL Server Express,ADATBÁZIS SZERVEREK,Microsoft SQL Server Express,,windows,,false,runtime_exact_required,true,exact-package-id -> exact-display-alias -> strict-registry-alias,dynamic,unknown,RuntimeDetect,conditional,false,true,no static package ID; exact runtime source resolution is required before install or uninstall
317,Microsoft SQL Server Developer,ADATBÁZIS SZERVEREK,Microsoft SQL Server Developer,,windows,,false,runtime_exact_required,true,exact-package-id -> exact-display-alias -> strict-registry-alias,dynamic,unknown,RuntimeDetect,conditional,false,true,no static package ID; exact runtime source resolution is required before install or uninstall
318,Oracle Database Free,ADATBÁZIS SZERVEREK,Oracle Database Free,,windows,,false,runtime_exact_required,true,exact-package-id -> exact-display-alias -> strict-registry-alias,dynamic,unknown,RuntimeDetect,conditional,false,true,no static package ID; exact runtime source resolution is required before install or uninstall
319,CockroachDB,ADATBÁZIS SZERVEREK,CockroachDB,,windows,,false,runtime_exact_required,true,exact-package-id -> exact-display-alias -> strict-registry-alias,dynamic,unknown,RuntimeDetect,conditional,false,true,no static package ID; exact runtime source resolution is required before install or uninstall
320,CouchDB,ADATBÁZIS SZERVEREK,CouchDB,,windows,,false,runtime_exact_required,true,exact-package-id -> exact-display-alias -> strict-registry-alias,dynamic,unknown,RuntimeDetect,conditional,false,true,no static package ID; exact runtime source resolution is required before install or uninstall
321,Neo4j Community,ADATBÁZIS SZERVEREK,Neo4j Community,,windows,,false,runtime_exact_required,true,exact-package-id -> exact-display-alias -> strict-registry-alias,dynamic,unknown,RuntimeDetect,conditional,false,true,no static package ID; exact runtime source resolution is required before install or uninstall
322,InfluxDB,ADATBÁZIS SZERVEREK,InfluxDB,,windows,,false,runtime_exact_required,true,exact-package-id -> exact-display-alias -> strict-registry-alias,dynamic,unknown,RuntimeDetect,conditional,false,true,no static package ID; exact runtime source resolution is required before install or uninstall
323,TimescaleDB,ADATBÁZIS SZERVEREK,TimescaleDB,,windows,,false,runtime_exact_required,true,exact-package-id -> exact-display-alias -> strict-registry-alias,dynamic,unknown,RuntimeDetect,conditional,false,true,no static package ID; exact runtime source resolution is required before install or uninstall
324,ClickHouse,ADATBÁZIS SZERVEREK,ClickHouse,,windows,,false,runtime_exact_required,true,exact-package-id -> exact-display-alias -> strict-registry-alias,dynamic,unknown,RuntimeDetect,conditional,false,true,no static package ID; exact runtime source resolution is required before install or uninstall
325,DuckDB,ADATBÁZIS SZERVEREK,DuckDB,,windows,,false,runtime_exact_required,true,exact-package-id -> exact-display-alias -> strict-registry-alias,dynamic,unknown,RuntimeDetect,conditional,false,true,no static package ID; exact runtime source resolution is required before install or uninstall
326,HeidiSQL,ADATBÁZIS KEZELŐK / SQL GUI,HeidiSQL,,windows,,false,exact_name_verified,true,exact-package-id -> exact-display-alias -> strict-registry-alias,dynamic,unknown,RuntimeDetect,conditional,false,true,
327,pgAdmin,ADATBÁZIS KEZELŐK / SQL GUI,pgAdmin,,windows,,false,runtime_exact_required,true,exact-package-id -> exact-display-alias -> strict-registry-alias,dynamic,unknown,RuntimeDetect,conditional,false,true,no static package ID; exact runtime source resolution is required before install or uninstall
328,SQL Server Management Studio,ADATBÁZIS KEZELŐK / SQL GUI,SQL Server Management Studio,,windows,,false,runtime_exact_required,true,exact-package-id -> exact-display-alias -> strict-registry-alias,dynamic,unknown,RuntimeDetect,conditional,false,true,no static package ID; exact runtime source resolution is required before install or uninstall
329,Azure Data Studio,ADATBÁZIS KEZELŐK / SQL GUI,Azure Data Studio,,windows,,false,exact_name_verified,true,exact-package-id -> exact-display-alias -> strict-registry-alias,dynamic,unknown,RuntimeDetect,conditional,false,true,
330,SQLiteStudio,ADATBÁZIS KEZELŐK / SQL GUI,SQLiteStudio,,windows,,false,exact_name_verified,true,exact-package-id -> exact-display-alias -> strict-registry-alias,dynamic,unknown,RuntimeDetect,conditional,false,true,
331,DB Browser for SQLite,ADATBÁZIS KEZELŐK / SQL GUI,DB Browser for SQLite,,windows,,false,exact_name_verified,true,exact-package-id -> exact-display-alias -> strict-registry-alias,dynamic,unknown,RuntimeDetect,conditional,false,true,
332,MongoDB Compass,ADATBÁZIS KEZELŐK / SQL GUI,MongoDB Compass,,windows,,false,exact_name_verified,true,exact-package-id -> exact-display-alias -> strict-registry-alias,dynamic,unknown,RuntimeDetect,conditional,false,true,
333,RedisInsight,ADATBÁZIS KEZELŐK / SQL GUI,RedisInsight,,windows,,false,runtime_exact_required,true,exact-package-id -> exact-display-alias -> strict-registry-alias,dynamic,unknown,RuntimeDetect,conditional,false,true,no static package ID; exact runtime source resolution is required before install or uninstall
334,JetBrains DataGrip,ADATBÁZIS KEZELŐK / SQL GUI,JetBrains DataGrip,,windows,,false,runtime_exact_required,true,exact-package-id -> exact-display-alias -> strict-registry-alias,dynamic,unknown,RuntimeDetect,conditional,false,true,no static package ID; exact runtime source resolution is required before install or uninstall
335,TablePlus,ADATBÁZIS KEZELŐK / SQL GUI,TablePlus,,windows,,false,exact_name_verified,true,exact-package-id -> exact-display-alias -> strict-registry-alias,dynamic,unknown,RuntimeDetect,conditional,false,true,
336,Beekeeper Studio,ADATBÁZIS KEZELŐK / SQL GUI,Beekeeper Studio,,windows,,false,exact_name_verified,true,exact-package-id -> exact-display-alias -> strict-registry-alias,dynamic,unknown,RuntimeDetect,conditional,false,true,
337,Navicat,ADATBÁZIS KEZELŐK / SQL GUI,Navicat,,windows,,false,runtime_exact_required,true,exact-package-id -> exact-display-alias -> strict-registry-alias,dynamic,unknown,RuntimeDetect,conditional,false,true,no static package ID; exact runtime source resolution is required before install or uninstall
338,DbGate,ADATBÁZIS KEZELŐK / SQL GUI,DbGate,,windows,,false,exact_name_verified,true,exact-package-id -> exact-display-alias -> strict-registry-alias,dynamic,unknown,RuntimeDetect,conditional,false,true,
339,RazorSQL,ADATBÁZIS KEZELŐK / SQL GUI,RazorSQL,,windows,,false,runtime_exact_required,true,exact-package-id -> exact-display-alias -> strict-registry-alias,dynamic,unknown,RuntimeDetect,conditional,false,true,no static package ID; exact runtime source resolution is required before install or uninstall
340,SQuirreL SQL,ADATBÁZIS KEZELŐK / SQL GUI,SQuirreL SQL,,windows,,false,runtime_exact_required,true,exact-package-id -> exact-display-alias -> strict-registry-alias,dynamic,unknown,RuntimeDetect,conditional,false,true,no static package ID; exact runtime source resolution is required before install or uninstall
341,Adminer,ADATBÁZIS KEZELŐK / SQL GUI,Adminer,,windows,,false,runtime_exact_required,true,exact-package-id -> exact-display-alias -> strict-registry-alias,dynamic,unknown,RuntimeDetect,conditional,false,true,no static package ID; exact runtime source resolution is required before install or uninstall
342,phpMyAdmin,ADATBÁZIS KEZELŐK / SQL GUI,phpMyAdmin,,windows,,false,runtime_exact_required,true,exact-package-id -> exact-display-alias -> strict-registry-alias,dynamic,unknown,RuntimeDetect,conditional,false,true,no static package ID; exact runtime source resolution is required before install or uninstall
343,Insomnia,API / BACKEND / TESZTELÉS,Insomnia,,windows,,false,runtime_exact_required,true,exact-package-id -> exact-display-alias -> strict-registry-alias,dynamic,unknown,RuntimeDetect,conditional,false,true,no static package ID; exact runtime source resolution is required before install or uninstall
344,Bruno,API / BACKEND / TESZTELÉS,Bruno,,windows,,false,exact_name_verified,true,exact-package-id -> exact-display-alias -> strict-registry-alias,dynamic,unknown,RuntimeDetect,conditional,false,true,
345,Hoppscotch,API / BACKEND / TESZTELÉS,Hoppscotch,,windows,,false,exact_name_verified,true,exact-package-id -> exact-display-alias -> strict-registry-alias,dynamic,unknown,RuntimeDetect,conditional,false,true,
346,HTTPie,API / BACKEND / TESZTELÉS,HTTPie,,windows,,false,exact_name_verified,true,exact-package-id -> exact-display-alias -> strict-registry-alias,dynamic,unknown,RuntimeDetect,conditional,false,true,
347,curl,API / BACKEND / TESZTELÉS,curl,,windows,,false,exact_name_verified,true,exact-package-id -> exact-display-alias -> strict-registry-alias,dynamic,unknown,RuntimeDetect,conditional,false,true,
348,wget,API / BACKEND / TESZTELÉS,wget,,windows,,false,exact_name_verified,true,exact-package-id -> exact-display-alias -> strict-registry-alias,dynamic,unknown,RuntimeDetect,conditional,false,true,
349,SoapUI,API / BACKEND / TESZTELÉS,SoapUI,,windows,,false,exact_name_verified,true,exact-package-id -> exact-display-alias -> strict-registry-alias,dynamic,unknown,RuntimeDetect,conditional,false,true,
350,Fiddler Classic,API / BACKEND / TESZTELÉS,Fiddler Classic,,windows,,false,runtime_exact_required,true,exact-package-id -> exact-display-alias -> strict-registry-alias,dynamic,unknown,RuntimeDetect,conditional,false,true,no static package ID; exact runtime source resolution is required before install or uninstall
351,Fiddler Everywhere,API / BACKEND / TESZTELÉS,Fiddler Everywhere,,windows,,false,runtime_exact_required,true,exact-package-id -> exact-display-alias -> strict-registry-alias,dynamic,unknown,RuntimeDetect,conditional,false,true,no static package ID; exact runtime source resolution is required before install or uninstall
352,Charles Proxy,API / BACKEND / TESZTELÉS,Charles Proxy,,windows,,false,runtime_exact_required,true,exact-package-id -> exact-display-alias -> strict-registry-alias,dynamic,unknown,RuntimeDetect,conditional,false,true,no static package ID; exact runtime source resolution is required before install or uninstall
353,mitmproxy,API / BACKEND / TESZTELÉS,mitmproxy,,windows,,false,exact_name_verified,true,exact-package-id -> exact-display-alias -> strict-registry-alias,dynamic,unknown,RuntimeDetect,conditional,false,true,
354,Burp Suite Community Edition,API / BACKEND / TESZTELÉS,Burp Suite Community Edition,,windows,,false,exact_name_verified,true,exact-package-id -> exact-display-alias -> strict-registry-alias,dynamic,unknown,RuntimeDetect,conditional,false,true,
355,OWASP ZAP,API / BACKEND / TESZTELÉS,OWASP ZAP,,windows,,false,runtime_exact_required,true,exact-package-id -> exact-display-alias -> strict-registry-alias,dynamic,unknown,RuntimeDetect,conditional,false,true,no static package ID; exact runtime source resolution is required before install or uninstall
356,k6,API / BACKEND / TESZTELÉS,k6,,windows,,false,exact_name_verified,true,exact-package-id -> exact-display-alias -> strict-registry-alias,dynamic,unknown,RuntimeDetect,conditional,false,true,
357,Apache JMeter,API / BACKEND / TESZTELÉS,Apache JMeter,,windows,,false,exact_name_verified,true,exact-package-id -> exact-display-alias -> strict-registry-alias,dynamic,unknown,RuntimeDetect,conditional,false,true,
358,Locust,API / BACKEND / TESZTELÉS,Locust,,windows,,false,runtime_exact_required,true,exact-package-id -> exact-display-alias -> strict-registry-alias,dynamic,unknown,RuntimeDetect,conditional,false,true,no static package ID; exact runtime source resolution is required before install or uninstall
359,Swagger Editor,API / BACKEND / TESZTELÉS,Swagger Editor,,windows,,false,runtime_exact_required,true,exact-package-id -> exact-display-alias -> strict-registry-alias,dynamic,unknown,RuntimeDetect,conditional,false,true,no static package ID; exact runtime source resolution is required before install or uninstall
360,Swagger UI,API / BACKEND / TESZTELÉS,Swagger UI,,windows,,false,runtime_exact_required,true,exact-package-id -> exact-display-alias -> strict-registry-alias,dynamic,unknown,RuntimeDetect,conditional,false,true,no static package ID; exact runtime source resolution is required before install or uninstall
361,Stoplight Studio,API / BACKEND / TESZTELÉS,Stoplight Studio,,windows,,false,exact_name_verified,true,exact-package-id -> exact-display-alias -> strict-registry-alias,dynamic,unknown,RuntimeDetect,conditional,false,true,
362,Yaak,API / BACKEND / TESZTELÉS,Yaak,,windows,,false,exact_name_verified,true,exact-package-id -> exact-display-alias -> strict-registry-alias,dynamic,unknown,RuntimeDetect,conditional,false,true,
363,Paw / RapidAPI Client,API / BACKEND / TESZTELÉS,Paw / RapidAPI Client,,windows,,false,runtime_exact_required,true,exact-package-id -> exact-display-alias -> strict-registry-alias,dynamic,unknown,RuntimeDetect,conditional,false,true,no static package ID; exact runtime source resolution is required before install or uninstall
364,VSCodium,IDE-K / KÓDSZERKESZTŐK,VSCodium,,windows,,false,exact_name_verified,true,exact-package-id -> exact-display-alias -> strict-registry-alias,dynamic,unknown,RuntimeDetect,conditional,false,true,
365,Visual Studio Professional,IDE-K / KÓDSZERKESZTŐK,Visual Studio Professional,,windows,,false,runtime_exact_required,true,exact-package-id -> exact-display-alias -> strict-registry-alias,dynamic,unknown,RuntimeDetect,conditional,false,true,no static package ID; exact runtime source resolution is required before install or uninstall
366,Visual Studio Enterprise,IDE-K / KÓDSZERKESZTŐK,Visual Studio Enterprise,,windows,,false,runtime_exact_required,true,exact-package-id -> exact-display-alias -> strict-registry-alias,dynamic,unknown,RuntimeDetect,conditional,false,true,no static package ID; exact runtime source resolution is required before install or uninstall
367,Sublime Text,IDE-K / KÓDSZERKESZTŐK,Sublime Text,,windows,,false,runtime_exact_required,true,exact-package-id -> exact-display-alias -> strict-registry-alias,dynamic,unknown,RuntimeDetect,conditional,false,true,no static package ID; exact runtime source resolution is required before install or uninstall
368,Zed,IDE-K / KÓDSZERKESZTŐK,Zed,,windows,,false,exact_name_verified,true,exact-package-id -> exact-display-alias -> strict-registry-alias,dynamic,unknown,RuntimeDetect,conditional,false,true,
369,Eclipse IDE,IDE-K / KÓDSZERKESZTŐK,Eclipse IDE,,windows,,false,runtime_exact_required,true,exact-package-id -> exact-display-alias -> strict-registry-alias,dynamic,unknown,RuntimeDetect,conditional,false,true,no static package ID; exact runtime source resolution is required before install or uninstall
370,Apache NetBeans,IDE-K / KÓDSZERKESZTŐK,Apache NetBeans,,windows,,false,runtime_exact_required,true,exact-package-id -> exact-display-alias -> strict-registry-alias,dynamic,unknown,RuntimeDetect,conditional,false,true,no static package ID; exact runtime source resolution is required before install or uninstall
371,Code::Blocks,IDE-K / KÓDSZERKESZTŐK,Code::Blocks,,windows,,false,exact_name_verified,true,exact-package-id -> exact-display-alias -> strict-registry-alias,dynamic,unknown,RuntimeDetect,conditional,false,true,
372,Geany,IDE-K / KÓDSZERKESZTŐK,Geany,,windows,,false,exact_name_verified,true,exact-package-id -> exact-display-alias -> strict-registry-alias,dynamic,unknown,RuntimeDetect,conditional,false,true,
373,Kate,IDE-K / KÓDSZERKESZTŐK,Kate,,windows,,false,exact_name_verified,true,exact-package-id -> exact-display-alias -> strict-registry-alias,dynamic,unknown,RuntimeDetect,conditional,false,true,
374,Lite XL,IDE-K / KÓDSZERKESZTŐK,Lite XL,,windows,,false,exact_name_verified,true,exact-package-id -> exact-display-alias -> strict-registry-alias,dynamic,unknown,RuntimeDetect,conditional,false,true,
375,Neovim,IDE-K / KÓDSZERKESZTŐK,Neovim,,windows,,false,exact_name_verified,true,exact-package-id -> exact-display-alias -> strict-registry-alias,dynamic,unknown,RuntimeDetect,conditional,false,true,
376,Vim,IDE-K / KÓDSZERKESZTŐK,Vim,,windows,,false,runtime_exact_required,true,exact-package-id -> exact-display-alias -> strict-registry-alias,dynamic,unknown,RuntimeDetect,conditional,false,true,no static package ID; exact runtime source resolution is required before install or uninstall
377,Emacs,IDE-K / KÓDSZERKESZTŐK,Emacs,,windows,,false,runtime_exact_required,true,exact-package-id -> exact-display-alias -> strict-registry-alias,dynamic,unknown,RuntimeDetect,conditional,false,true,no static package ID; exact runtime source resolution is required before install or uninstall
378,Lapce,IDE-K / KÓDSZERKESZTŐK,Lapce,,windows,,false,exact_name_verified,true,exact-package-id -> exact-display-alias -> strict-registry-alias,dynamic,unknown,RuntimeDetect,conditional,false,true,
379,Helix,IDE-K / KÓDSZERKESZTŐK,Helix,,windows,,false,exact_name_verified,true,exact-package-id -> exact-display-alias -> strict-registry-alias,dynamic,unknown,RuntimeDetect,conditional,false,true,
380,Pulsar,IDE-K / KÓDSZERKESZTŐK,Pulsar,,windows,,false,exact_name_verified,true,exact-package-id -> exact-display-alias -> strict-registry-alias,dynamic,unknown,RuntimeDetect,conditional,false,true,
381,Nova,IDE-K / KÓDSZERKESZTŐK,Nova,,windows,,false,runtime_exact_required,true,exact-package-id -> exact-display-alias -> strict-registry-alias,dynamic,unknown,RuntimeDetect,conditional,false,true,no static package ID; exact runtime source resolution is required before install or uninstall
382,TextMate,IDE-K / KÓDSZERKESZTŐK,TextMate,,windows,,false,runtime_exact_required,true,exact-package-id -> exact-display-alias -> strict-registry-alias,dynamic,unknown,RuntimeDetect,conditional,false,true,no static package ID; exact runtime source resolution is required before install or uninstall
383,JetBrains Toolbox App,JETBRAINS IDE-K / ESZKÖZÖK,JetBrains Toolbox App,,windows,JetBrains.Toolbox,true,hardcoded_id_verified,true,exact-package-id -> exact-display-alias -> strict-registry-alias,dynamic,unknown,RuntimeDetect,conditional,false,true,
384,IntelliJ IDEA Ultimate,JETBRAINS IDE-K / ESZKÖZÖK,IntelliJ IDEA Ultimate,,windows,,false,runtime_exact_required,true,exact-package-id -> exact-display-alias -> strict-registry-alias,dynamic,unknown,RuntimeDetect,conditional,false,true,no static package ID; exact runtime source resolution is required before install or uninstall
385,PyCharm Community,JETBRAINS IDE-K / ESZKÖZÖK,PyCharm Community,,windows,,false,runtime_exact_required,true,exact-package-id -> exact-display-alias -> strict-registry-alias,dynamic,unknown,RuntimeDetect,conditional,false,true,no static package ID; exact runtime source resolution is required before install or uninstall
386,PyCharm Professional,JETBRAINS IDE-K / ESZKÖZÖK,PyCharm Professional,,windows,,false,runtime_exact_required,true,exact-package-id -> exact-display-alias -> strict-registry-alias,dynamic,unknown,RuntimeDetect,conditional,false,true,no static package ID; exact runtime source resolution is required before install or uninstall
387,WebStorm,JETBRAINS IDE-K / ESZKÖZÖK,WebStorm,,windows,,false,runtime_exact_required,true,exact-package-id -> exact-display-alias -> strict-registry-alias,dynamic,unknown,RuntimeDetect,conditional,false,true,no static package ID; exact runtime source resolution is required before install or uninstall
388,PhpStorm,JETBRAINS IDE-K / ESZKÖZÖK,PhpStorm,,windows,,false,runtime_exact_required,true,exact-package-id -> exact-display-alias -> strict-registry-alias,dynamic,unknown,RuntimeDetect,conditional,false,true,no static package ID; exact runtime source resolution is required before install or uninstall
389,Rider,JETBRAINS IDE-K / ESZKÖZÖK,Rider,,windows,,false,runtime_exact_required,true,exact-package-id -> exact-display-alias -> strict-registry-alias,dynamic,unknown,RuntimeDetect,conditional,false,true,no static package ID; exact runtime source resolution is required before install or uninstall
390,CLion,JETBRAINS IDE-K / ESZKÖZÖK,CLion,,windows,,false,runtime_exact_required,true,exact-package-id -> exact-display-alias -> strict-registry-alias,dynamic,unknown,RuntimeDetect,conditional,false,true,no static package ID; exact runtime source resolution is required before install or uninstall
391,DataGrip,JETBRAINS IDE-K / ESZKÖZÖK,DataGrip,,windows,,false,runtime_exact_required,true,exact-package-id -> exact-display-alias -> strict-registry-alias,dynamic,unknown,RuntimeDetect,conditional,false,true,no static package ID; exact runtime source resolution is required before install or uninstall
392,GoLand,JETBRAINS IDE-K / ESZKÖZÖK,GoLand,,windows,,false,runtime_exact_required,true,exact-package-id -> exact-display-alias -> strict-registry-alias,dynamic,unknown,RuntimeDetect,conditional,false,true,no static package ID; exact runtime source resolution is required before install or uninstall
393,RubyMine,JETBRAINS IDE-K / ESZKÖZÖK,RubyMine,,windows,,false,runtime_exact_required,true,exact-package-id -> exact-display-alias -> strict-registry-alias,dynamic,unknown,RuntimeDetect,conditional,false,true,no static package ID; exact runtime source resolution is required before install or uninstall
394,RustRover,JETBRAINS IDE-K / ESZKÖZÖK,RustRover,,windows,,false,runtime_exact_required,true,exact-package-id -> exact-display-alias -> strict-registry-alias,dynamic,unknown,RuntimeDetect,conditional,false,true,no static package ID; exact runtime source resolution is required before install or uninstall
395,DataSpell,JETBRAINS IDE-K / ESZKÖZÖK,DataSpell,,windows,,false,runtime_exact_required,true,exact-package-id -> exact-display-alias -> strict-registry-alias,dynamic,unknown,RuntimeDetect,conditional,false,true,no static package ID; exact runtime source resolution is required before install or uninstall
396,Aqua,JETBRAINS IDE-K / ESZKÖZÖK,Aqua,,windows,,false,runtime_exact_required,true,exact-package-id -> exact-display-alias -> strict-registry-alias,dynamic,unknown,RuntimeDetect,conditional,false,true,no static package ID; exact runtime source resolution is required before install or uninstall
397,Fleet,JETBRAINS IDE-K / ESZKÖZÖK,Fleet,,windows,,false,runtime_exact_required,true,exact-package-id -> exact-display-alias -> strict-registry-alias,dynamic,unknown,RuntimeDetect,conditional,false,true,no static package ID; exact runtime source resolution is required before install or uninstall
398,ReSharper,JETBRAINS IDE-K / ESZKÖZÖK,ReSharper,,windows,,false,runtime_exact_required,true,exact-package-id -> exact-display-alias -> strict-registry-alias,dynamic,unknown,RuntimeDetect,conditional,false,true,no static package ID; exact runtime source resolution is required before install or uninstall
399,ReSharper C++,JETBRAINS IDE-K / ESZKÖZÖK,ReSharper C++,,windows,,false,runtime_exact_required,true,exact-package-id -> exact-display-alias -> strict-registry-alias,dynamic,unknown,RuntimeDetect,conditional,false,true,no static package ID; exact runtime source resolution is required before install or uninstall
400,dotPeek,JETBRAINS IDE-K / ESZKÖZÖK,dotPeek,,windows,,false,runtime_exact_required,true,exact-package-id -> exact-display-alias -> strict-registry-alias,dynamic,unknown,RuntimeDetect,conditional,false,true,no static package ID; exact runtime source resolution is required before install or uninstall
401,dotCover,JETBRAINS IDE-K / ESZKÖZÖK,dotCover,,windows,,false,runtime_exact_required,true,exact-package-id -> exact-display-alias -> strict-registry-alias,dynamic,unknown,RuntimeDetect,conditional,false,true,no static package ID; exact runtime source resolution is required before install or uninstall
402,dotTrace,JETBRAINS IDE-K / ESZKÖZÖK,dotTrace,,windows,,false,runtime_exact_required,true,exact-package-id -> exact-display-alias -> strict-registry-alias,dynamic,unknown,RuntimeDetect,conditional,false,true,no static package ID; exact runtime source resolution is required before install or uninstall
403,dotMemory,JETBRAINS IDE-K / ESZKÖZÖK,dotMemory,,windows,,false,runtime_exact_required,true,exact-package-id -> exact-display-alias -> strict-registry-alias,dynamic,unknown,RuntimeDetect,conditional,false,true,no static package ID; exact runtime source resolution is required before install or uninstall
404,TeamCity,JETBRAINS IDE-K / ESZKÖZÖK,TeamCity,,windows,,false,runtime_exact_required,true,exact-package-id -> exact-display-alias -> strict-registry-alias,dynamic,unknown,RuntimeDetect,conditional,false,true,no static package ID; exact runtime source resolution is required before install or uninstall
405,YouTrack,JETBRAINS IDE-K / ESZKÖZÖK,YouTrack,,windows,,false,runtime_exact_required,true,exact-package-id -> exact-display-alias -> strict-registry-alias,dynamic,unknown,RuntimeDetect,conditional,false,true,no static package ID; exact runtime source resolution is required before install or uninstall
406,Fork,VERZIÓKEZELÉS / GIT,Fork,,windows,,false,runtime_exact_required,true,exact-package-id -> exact-display-alias -> strict-registry-alias,dynamic,unknown,RuntimeDetect,conditional,false,true,no static package ID; exact runtime source resolution is required before install or uninstall
407,Sourcetree,VERZIÓKEZELÉS / GIT,Sourcetree,,windows,,false,exact_name_verified,true,exact-package-id -> exact-display-alias -> strict-registry-alias,dynamic,unknown,RuntimeDetect,conditional,false,true,
408,TortoiseGit,VERZIÓKEZELÉS / GIT,TortoiseGit,,windows,,false,exact_name_verified,true,exact-package-id -> exact-display-alias -> strict-registry-alias,dynamic,unknown,RuntimeDetect,conditional,false,true,
409,TortoiseSVN,VERZIÓKEZELÉS / GIT,TortoiseSVN,,windows,,false,exact_name_verified,true,exact-package-id -> exact-display-alias -> strict-registry-alias,dynamic,unknown,RuntimeDetect,conditional,false,true,
410,Git Extensions,VERZIÓKEZELÉS / GIT,Git Extensions,,windows,,false,exact_name_verified,true,exact-package-id -> exact-display-alias -> strict-registry-alias,dynamic,unknown,RuntimeDetect,conditional,false,true,
411,Lazygit,VERZIÓKEZELÉS / GIT,Lazygit,,windows,,false,exact_name_verified,true,exact-package-id -> exact-display-alias -> strict-registry-alias,dynamic,unknown,RuntimeDetect,conditional,false,true,
412,GitHub CLI,VERZIÓKEZELÉS / GIT,GitHub CLI,,windows,GitHub.cli,true,hardcoded_id_verified,true,exact-package-id -> exact-display-alias -> strict-registry-alias,dynamic,unknown,RuntimeDetect,conditional,false,true,
413,GitLab CLI,VERZIÓKEZELÉS / GIT,GitLab CLI,,windows,,false,runtime_exact_required,true,exact-package-id -> exact-display-alias -> strict-registry-alias,dynamic,unknown,RuntimeDetect,conditional,false,true,no static package ID; exact runtime source resolution is required before install or uninstall
414,Gitea,VERZIÓKEZELÉS / GIT,Gitea,,windows,,false,runtime_exact_required,true,exact-package-id -> exact-display-alias -> strict-registry-alias,dynamic,unknown,RuntimeDetect,conditional,false,true,no static package ID; exact runtime source resolution is required before install or uninstall
415,Gitea Actions runner,VERZIÓKEZELÉS / GIT,Gitea Actions runner,,windows,,false,runtime_exact_required,true,exact-package-id -> exact-display-alias -> strict-registry-alias,dynamic,unknown,RuntimeDetect,conditional,false,true,no static package ID; exact runtime source resolution is required before install or uninstall
416,SmartGit,VERZIÓKEZELÉS / GIT,SmartGit,,windows,,false,runtime_exact_required,true,exact-package-id -> exact-display-alias -> strict-registry-alias,dynamic,unknown,RuntimeDetect,conditional,false,true,no static package ID; exact runtime source resolution is required before install or uninstall
417,Tower,VERZIÓKEZELÉS / GIT,Tower,,windows,,false,runtime_exact_required,true,exact-package-id -> exact-display-alias -> strict-registry-alias,dynamic,unknown,RuntimeDetect,conditional,false,true,no static package ID; exact runtime source resolution is required before install or uninstall
418,Sublime Merge,VERZIÓKEZELÉS / GIT,Sublime Merge,,windows,,false,runtime_exact_required,true,exact-package-id -> exact-display-alias -> strict-registry-alias,dynamic,unknown,RuntimeDetect,conditional,false,true,no static package ID; exact runtime source resolution is required before install or uninstall
419,Plastic SCM / Unity Version Control,VERZIÓKEZELÉS / GIT,Plastic SCM / Unity Version Control,,windows,,false,runtime_exact_required,true,exact-package-id -> exact-display-alias -> strict-registry-alias,dynamic,unknown,RuntimeDetect,conditional,false,true,no static package ID; exact runtime source resolution is required before install or uninstall
420,Photopea,GRAFIKA / DIGITÁLIS RAJZ,Photopea,,windows,,false,runtime_exact_required,true,exact-package-id -> exact-display-alias -> strict-registry-alias,dynamic,unknown,RuntimeDetect,conditional,false,true,no static package ID; exact runtime source resolution is required before install or uninstall
421,Clip Studio Paint,GRAFIKA / DIGITÁLIS RAJZ,Clip Studio Paint,,windows,,false,runtime_exact_required,true,exact-package-id -> exact-display-alias -> strict-registry-alias,dynamic,unknown,RuntimeDetect,conditional,false,true,no static package ID; exact runtime source resolution is required before install or uninstall
422,Corel Painter,GRAFIKA / DIGITÁLIS RAJZ,Corel Painter,,windows,,false,runtime_exact_required,true,exact-package-id -> exact-display-alias -> strict-registry-alias,dynamic,unknown,RuntimeDetect,conditional,false,true,no static package ID; exact runtime source resolution is required before install or uninstall
423,MediBang Paint,GRAFIKA / DIGITÁLIS RAJZ,MediBang Paint,,windows,,false,runtime_exact_required,true,exact-package-id -> exact-display-alias -> strict-registry-alias,dynamic,unknown,RuntimeDetect,conditional,false,true,no static package ID; exact runtime source resolution is required before install or uninstall
424,FireAlpaca,GRAFIKA / DIGITÁLIS RAJZ,FireAlpaca,,windows,,false,exact_name_verified,true,exact-package-id -> exact-display-alias -> strict-registry-alias,dynamic,unknown,RuntimeDetect,conditional,false,true,
425,Affinity Photo,GRAFIKA / DIGITÁLIS RAJZ,Affinity Photo,,windows,,false,runtime_exact_required,true,exact-package-id -> exact-display-alias -> strict-registry-alias,dynamic,unknown,RuntimeDetect,conditional,false,true,no static package ID; exact runtime source resolution is required before install or uninstall
426,Affinity Designer,GRAFIKA / DIGITÁLIS RAJZ,Affinity Designer,,windows,,false,runtime_exact_required,true,exact-package-id -> exact-display-alias -> strict-registry-alias,dynamic,unknown,RuntimeDetect,conditional,false,true,no static package ID; exact runtime source resolution is required before install or uninstall
427,Affinity Publisher,GRAFIKA / DIGITÁLIS RAJZ,Affinity Publisher,,windows,,false,runtime_exact_required,true,exact-package-id -> exact-display-alias -> strict-registry-alias,dynamic,unknown,RuntimeDetect,conditional,false,true,no static package ID; exact runtime source resolution is required before install or uninstall
428,Adobe Photoshop,GRAFIKA / DIGITÁLIS RAJZ,Adobe Photoshop,,windows,,false,runtime_exact_required,true,exact-package-id -> exact-display-alias -> strict-registry-alias,dynamic,unknown,RuntimeDetect,conditional,false,true,no static package ID; exact runtime source resolution is required before install or uninstall
429,Adobe Illustrator,GRAFIKA / DIGITÁLIS RAJZ,Adobe Illustrator,,windows,,false,runtime_exact_required,true,exact-package-id -> exact-display-alias -> strict-registry-alias,dynamic,unknown,RuntimeDetect,conditional,false,true,no static package ID; exact runtime source resolution is required before install or uninstall
430,Adobe Lightroom,GRAFIKA / DIGITÁLIS RAJZ,Adobe Lightroom,,windows,,false,runtime_exact_required,true,exact-package-id -> exact-display-alias -> strict-registry-alias,dynamic,unknown,RuntimeDetect,conditional,false,true,no static package ID; exact runtime source resolution is required before install or uninstall
431,Adobe Fresco,GRAFIKA / DIGITÁLIS RAJZ,Adobe Fresco,,windows,,false,runtime_exact_required,true,exact-package-id -> exact-display-alias -> strict-registry-alias,dynamic,unknown,RuntimeDetect,conditional,false,true,no static package ID; exact runtime source resolution is required before install or uninstall
432,Adobe Creative Cloud,GRAFIKA / DIGITÁLIS RAJZ,Adobe Creative Cloud,,windows,,false,runtime_exact_required,true,exact-package-id -> exact-display-alias -> strict-registry-alias,dynamic,unknown,RuntimeDetect,conditional,false,true,no static package ID; exact runtime source resolution is required before install or uninstall
433,Sketchbook,GRAFIKA / DIGITÁLIS RAJZ,Sketchbook,,windows,,false,runtime_exact_required,true,exact-package-id -> exact-display-alias -> strict-registry-alias,dynamic,unknown,RuntimeDetect,conditional,false,true,no static package ID; exact runtime source resolution is required before install or uninstall
434,ArtRage,GRAFIKA / DIGITÁLIS RAJZ,ArtRage,,windows,,false,runtime_exact_required,true,exact-package-id -> exact-display-alias -> strict-registry-alias,dynamic,unknown,RuntimeDetect,conditional,false,true,no static package ID; exact runtime source resolution is required before install or uninstall
435,Rebelle,GRAFIKA / DIGITÁLIS RAJZ,Rebelle,,windows,,false,runtime_exact_required,true,exact-package-id -> exact-display-alias -> strict-registry-alias,dynamic,unknown,RuntimeDetect,conditional,false,true,no static package ID; exact runtime source resolution is required before install or uninstall
436,PaintTool SAI,GRAFIKA / DIGITÁLIS RAJZ,PaintTool SAI,,windows,,false,runtime_exact_required,true,exact-package-id -> exact-display-alias -> strict-registry-alias,dynamic,unknown,RuntimeDetect,conditional,false,true,no static package ID; exact runtime source resolution is required before install or uninstall
437,MyPaint,GRAFIKA / DIGITÁLIS RAJZ,MyPaint,,windows,,false,exact_name_verified,true,exact-package-id -> exact-display-alias -> strict-registry-alias,dynamic,unknown,RuntimeDetect,conditional,false,true,
438,Pinta,GRAFIKA / DIGITÁLIS RAJZ,Pinta,,windows,,false,exact_name_verified,true,exact-package-id -> exact-display-alias -> strict-registry-alias,dynamic,unknown,RuntimeDetect,conditional,false,true,
439,Concepts,GRAFIKA / DIGITÁLIS RAJZ,Concepts,,windows,,false,runtime_exact_required,true,exact-package-id -> exact-display-alias -> strict-registry-alias,dynamic,unknown,RuntimeDetect,conditional,false,true,no static package ID; exact runtime source resolution is required before install or uninstall
440,ibis Paint,GRAFIKA / DIGITÁLIS RAJZ,ibis Paint,,windows,,false,runtime_exact_required,true,exact-package-id -> exact-display-alias -> strict-registry-alias,dynamic,unknown,RuntimeDetect,conditional,false,true,no static package ID; exact runtime source resolution is required before install or uninstall
441,Leonardo,GRAFIKA / DIGITÁLIS RAJZ,Leonardo,,windows,,false,runtime_exact_required,true,exact-package-id -> exact-display-alias -> strict-registry-alias,dynamic,unknown,RuntimeDetect,conditional,false,true,no static package ID; exact runtime source resolution is required before install or uninstall
442,Kleki,GRAFIKA / DIGITÁLIS RAJZ,Kleki,,windows,,false,runtime_exact_required,true,exact-package-id -> exact-display-alias -> strict-registry-alias,dynamic,unknown,RuntimeDetect,conditional,false,true,no static package ID; exact runtime source resolution is required before install or uninstall
443,Pixlr,GRAFIKA / DIGITÁLIS RAJZ,Pixlr,,windows,,false,runtime_exact_required,true,exact-package-id -> exact-display-alias -> strict-registry-alias,dynamic,unknown,RuntimeDetect,conditional,false,true,no static package ID; exact runtime source resolution is required before install or uninstall
444,Fotor,GRAFIKA / DIGITÁLIS RAJZ,Fotor,,windows,,false,exact_name_verified,true,exact-package-id -> exact-display-alias -> strict-registry-alias,dynamic,unknown,RuntimeDetect,conditional,false,true,
445,Canva Desktop,GRAFIKA / DIGITÁLIS RAJZ,Canva Desktop,,windows,,false,runtime_exact_required,true,exact-package-id -> exact-display-alias -> strict-registry-alias,dynamic,unknown,RuntimeDetect,conditional,false,true,no static package ID; exact runtime source resolution is required before install or uninstall
446,PhotoScape X,GRAFIKA / DIGITÁLIS RAJZ,PhotoScape X,,windows,,false,runtime_exact_required,true,exact-package-id -> exact-display-alias -> strict-registry-alias,dynamic,unknown,RuntimeDetect,conditional,false,true,no static package ID; exact runtime source resolution is required before install or uninstall
447,PhotoFiltre,GRAFIKA / DIGITÁLIS RAJZ,PhotoFiltre,,windows,,false,runtime_exact_required,true,exact-package-id -> exact-display-alias -> strict-registry-alias,dynamic,unknown,RuntimeDetect,conditional,false,true,no static package ID; exact runtime source resolution is required before install or uninstall
448,PhotoDemon,GRAFIKA / DIGITÁLIS RAJZ,PhotoDemon,,windows,,false,exact_name_verified,true,exact-package-id -> exact-display-alias -> strict-registry-alias,dynamic,unknown,RuntimeDetect,conditional,false,true,
449,LazPaint,GRAFIKA / DIGITÁLIS RAJZ,LazPaint,,windows,,false,runtime_exact_required,true,exact-package-id -> exact-display-alias -> strict-registry-alias,dynamic,unknown,RuntimeDetect,conditional,false,true,no static package ID; exact runtime source resolution is required before install or uninstall
450,Krita Gemini / kapcsolódó Krita eszközök,GRAFIKA / DIGITÁLIS RAJZ,Krita Gemini / kapcsolódó Krita eszközök,,windows,,false,runtime_exact_required,true,exact-package-id -> exact-display-alias -> strict-registry-alias,dynamic,unknown,RuntimeDetect,conditional,false,true,no static package ID; exact runtime source resolution is required before install or uninstall
451,Aseprite,PIXEL ART / SPRITE / 2D GAME ART,Aseprite,,windows,,false,runtime_exact_required,true,exact-package-id -> exact-display-alias -> strict-registry-alias,dynamic,unknown,RuntimeDetect,conditional,false,true,no static package ID; exact runtime source resolution is required before install or uninstall
452,LibreSprite,PIXEL ART / SPRITE / 2D GAME ART,LibreSprite,,windows,,false,runtime_exact_required,true,exact-package-id -> exact-display-alias -> strict-registry-alias,dynamic,unknown,RuntimeDetect,conditional,false,true,no static package ID; exact runtime source resolution is required before install or uninstall
453,Pixelorama,PIXEL ART / SPRITE / 2D GAME ART,Pixelorama,,windows,,false,exact_name_verified,true,exact-package-id -> exact-display-alias -> strict-registry-alias,dynamic,unknown,RuntimeDetect,conditional,false,true,
454,Piskel,PIXEL ART / SPRITE / 2D GAME ART,Piskel,,windows,,false,runtime_exact_required,true,exact-package-id -> exact-display-alias -> strict-registry-alias,dynamic,unknown,RuntimeDetect,conditional,false,true,no static package ID; exact runtime source resolution is required before install or uninstall
455,GraphicsGale,PIXEL ART / SPRITE / 2D GAME ART,GraphicsGale,,windows,,false,runtime_exact_required,true,exact-package-id -> exact-display-alias -> strict-registry-alias,dynamic,unknown,RuntimeDetect,conditional,false,true,no static package ID; exact runtime source resolution is required before install or uninstall
456,Pyxel Edit,PIXEL ART / SPRITE / 2D GAME ART,Pyxel Edit,,windows,,false,runtime_exact_required,true,exact-package-id -> exact-display-alias -> strict-registry-alias,dynamic,unknown,RuntimeDetect,conditional,false,true,no static package ID; exact runtime source resolution is required before install or uninstall
457,Pro Motion NG,PIXEL ART / SPRITE / 2D GAME ART,Pro Motion NG,,windows,,false,runtime_exact_required,true,exact-package-id -> exact-display-alias -> strict-registry-alias,dynamic,unknown,RuntimeDetect,conditional,false,true,no static package ID; exact runtime source resolution is required before install or uninstall
458,Tilesetter,PIXEL ART / SPRITE / 2D GAME ART,Tilesetter,,windows,,false,runtime_exact_required,true,exact-package-id -> exact-display-alias -> strict-registry-alias,dynamic,unknown,RuntimeDetect,conditional,false,true,no static package ID; exact runtime source resolution is required before install or uninstall
459,Tiled Map Editor,PIXEL ART / SPRITE / 2D GAME ART,Tiled Map Editor,,windows,,false,runtime_exact_required,true,exact-package-id -> exact-display-alias -> strict-registry-alias,dynamic,unknown,RuntimeDetect,conditional,false,true,no static package ID; exact runtime source resolution is required before install or uninstall
460,LDtk,PIXEL ART / SPRITE / 2D GAME ART,LDtk,,windows,,false,exact_name_verified,true,exact-package-id -> exact-display-alias -> strict-registry-alias,dynamic,unknown,RuntimeDetect,conditional,false,true,
461,TexturePacker,PIXEL ART / SPRITE / 2D GAME ART,TexturePacker,,windows,,false,runtime_exact_required,true,exact-package-id -> exact-display-alias -> strict-registry-alias,dynamic,unknown,RuntimeDetect,conditional,false,true,no static package ID; exact runtime source resolution is required before install or uninstall
462,Shoebox,PIXEL ART / SPRITE / 2D GAME ART,Shoebox,,windows,,false,runtime_exact_required,true,exact-package-id -> exact-display-alias -> strict-registry-alias,dynamic,unknown,RuntimeDetect,conditional,false,true,no static package ID; exact runtime source resolution is required before install or uninstall
463,SpriteIlluminator,PIXEL ART / SPRITE / 2D GAME ART,SpriteIlluminator,,windows,,false,runtime_exact_required,true,exact-package-id -> exact-display-alias -> strict-registry-alias,dynamic,unknown,RuntimeDetect,conditional,false,true,no static package ID; exact runtime source resolution is required before install or uninstall
464,Ogmo Editor,PIXEL ART / SPRITE / 2D GAME ART,Ogmo Editor,,windows,,false,runtime_exact_required,true,exact-package-id -> exact-display-alias -> strict-registry-alias,dynamic,unknown,RuntimeDetect,conditional,false,true,no static package ID; exact runtime source resolution is required before install or uninstall
465,CrocoTile 3D,PIXEL ART / SPRITE / 2D GAME ART,CrocoTile 3D,,windows,,false,runtime_exact_required,true,exact-package-id -> exact-display-alias -> strict-registry-alias,dynamic,unknown,RuntimeDetect,conditional,false,true,no static package ID; exact runtime source resolution is required before install or uninstall
466,PixelOver,PIXEL ART / SPRITE / 2D GAME ART,PixelOver,,windows,,false,runtime_exact_required,true,exact-package-id -> exact-display-alias -> strict-registry-alias,dynamic,unknown,RuntimeDetect,conditional,false,true,no static package ID; exact runtime source resolution is required before install or uninstall
467,Resprite,PIXEL ART / SPRITE / 2D GAME ART,Resprite,,windows,,false,runtime_exact_required,true,exact-package-id -> exact-display-alias -> strict-registry-alias,dynamic,unknown,RuntimeDetect,conditional,false,true,no static package ID; exact runtime source resolution is required before install or uninstall
468,Lospec Pixel Editor,PIXEL ART / SPRITE / 2D GAME ART,Lospec Pixel Editor,,windows,,false,runtime_exact_required,true,exact-package-id -> exact-display-alias -> strict-registry-alias,dynamic,unknown,RuntimeDetect,conditional,false,true,no static package ID; exact runtime source resolution is required before install or uninstall
469,FreeCAD,3D / MODELLEZÉS / CAD,FreeCAD,,windows,,false,runtime_exact_required,true,exact-package-id -> exact-display-alias -> strict-registry-alias,dynamic,unknown,RuntimeDetect,conditional,false,true,no static package ID; exact runtime source resolution is required before install or uninstall
470,OpenSCAD,3D / MODELLEZÉS / CAD,OpenSCAD,,windows,,false,exact_name_verified,true,exact-package-id -> exact-display-alias -> strict-registry-alias,dynamic,unknown,RuntimeDetect,conditional,false,true,
471,SketchUp,3D / MODELLEZÉS / CAD,SketchUp,,windows,,false,runtime_exact_required,true,exact-package-id -> exact-display-alias -> strict-registry-alias,dynamic,unknown,RuntimeDetect,conditional,false,true,no static package ID; exact runtime source resolution is required before install or uninstall
472,Autodesk Fusion,3D / MODELLEZÉS / CAD,Autodesk Fusion,,windows,,false,runtime_exact_required,true,exact-package-id -> exact-display-alias -> strict-registry-alias,dynamic,unknown,RuntimeDetect,conditional,false,true,no static package ID; exact runtime source resolution is required before install or uninstall
473,Autodesk Maya,3D / MODELLEZÉS / CAD,Autodesk Maya,,windows,,false,runtime_exact_required,true,exact-package-id -> exact-display-alias -> strict-registry-alias,dynamic,unknown,RuntimeDetect,conditional,false,true,no static package ID; exact runtime source resolution is required before install or uninstall
474,Autodesk 3ds Max,3D / MODELLEZÉS / CAD,Autodesk 3ds Max,,windows,,false,runtime_exact_required,true,exact-package-id -> exact-display-alias -> strict-registry-alias,dynamic,unknown,RuntimeDetect,conditional,false,true,no static package ID; exact runtime source resolution is required before install or uninstall
475,Cinema 4D,3D / MODELLEZÉS / CAD,Cinema 4D,,windows,,false,runtime_exact_required,true,exact-package-id -> exact-display-alias -> strict-registry-alias,dynamic,unknown,RuntimeDetect,conditional,false,true,no static package ID; exact runtime source resolution is required before install or uninstall
476,ZBrush,3D / MODELLEZÉS / CAD,ZBrush,,windows,,false,runtime_exact_required,true,exact-package-id -> exact-display-alias -> strict-registry-alias,dynamic,unknown,RuntimeDetect,conditional,false,true,no static package ID; exact runtime source resolution is required before install or uninstall
477,Nomad Sculpt,3D / MODELLEZÉS / CAD,Nomad Sculpt,,windows,,false,runtime_exact_required,true,exact-package-id -> exact-display-alias -> strict-registry-alias,dynamic,unknown,RuntimeDetect,conditional,false,true,no static package ID; exact runtime source resolution is required before install or uninstall
478,MeshLab,3D / MODELLEZÉS / CAD,MeshLab,,windows,,false,exact_name_verified,true,exact-package-id -> exact-display-alias -> strict-registry-alias,dynamic,unknown,RuntimeDetect,conditional,false,true,
479,Meshmixer,3D / MODELLEZÉS / CAD,Meshmixer,,windows,,false,runtime_exact_required,true,exact-package-id -> exact-display-alias -> strict-registry-alias,dynamic,unknown,RuntimeDetect,conditional,false,true,no static package ID; exact runtime source resolution is required before install or uninstall
480,Substance 3D Painter,3D / MODELLEZÉS / CAD,Substance 3D Painter,,windows,,false,runtime_exact_required,true,exact-package-id -> exact-display-alias -> strict-registry-alias,dynamic,unknown,RuntimeDetect,conditional,false,true,no static package ID; exact runtime source resolution is required before install or uninstall
481,Substance 3D Designer,3D / MODELLEZÉS / CAD,Substance 3D Designer,,windows,,false,runtime_exact_required,true,exact-package-id -> exact-display-alias -> strict-registry-alias,dynamic,unknown,RuntimeDetect,conditional,false,true,no static package ID; exact runtime source resolution is required before install or uninstall
482,Marvelous Designer,3D / MODELLEZÉS / CAD,Marvelous Designer,,windows,,false,runtime_exact_required,true,exact-package-id -> exact-display-alias -> strict-registry-alias,dynamic,unknown,RuntimeDetect,conditional,false,true,no static package ID; exact runtime source resolution is required before install or uninstall
483,Houdini,3D / MODELLEZÉS / CAD,Houdini,,windows,,false,runtime_exact_required,true,exact-package-id -> exact-display-alias -> strict-registry-alias,dynamic,unknown,RuntimeDetect,conditional,false,true,no static package ID; exact runtime source resolution is required before install or uninstall
484,Rhino,3D / MODELLEZÉS / CAD,Rhino,,windows,,false,runtime_exact_required,true,exact-package-id -> exact-display-alias -> strict-registry-alias,dynamic,unknown,RuntimeDetect,conditional,false,true,no static package ID; exact runtime source resolution is required before install or uninstall
485,Solid Edge Community Edition,3D / MODELLEZÉS / CAD,Solid Edge Community Edition,,windows,,false,runtime_exact_required,true,exact-package-id -> exact-display-alias -> strict-registry-alias,dynamic,unknown,RuntimeDetect,conditional,false,true,no static package ID; exact runtime source resolution is required before install or uninstall
486,SolveSpace,3D / MODELLEZÉS / CAD,SolveSpace,,windows,,false,exact_name_verified,true,exact-package-id -> exact-display-alias -> strict-registry-alias,dynamic,unknown,RuntimeDetect,conditional,false,true,
487,BRL-CAD,3D / MODELLEZÉS / CAD,BRL-CAD,,windows,,false,runtime_exact_required,true,exact-package-id -> exact-display-alias -> strict-registry-alias,dynamic,unknown,RuntimeDetect,conditional,false,true,no static package ID; exact runtime source resolution is required before install or uninstall
488,Wings 3D,3D / MODELLEZÉS / CAD,Wings 3D,,windows,,false,exact_name_verified,true,exact-package-id -> exact-display-alias -> strict-registry-alias,dynamic,unknown,RuntimeDetect,conditional,false,true,
489,MagicaVoxel,3D / MODELLEZÉS / CAD,MagicaVoxel,,windows,,false,runtime_exact_required,true,exact-package-id -> exact-display-alias -> strict-registry-alias,dynamic,unknown,RuntimeDetect,conditional,false,true,no static package ID; exact runtime source resolution is required before install or uninstall
490,Unity Editor,GAME DEVELOPMENT,Unity Editor,,windows,,false,runtime_exact_required,true,exact-package-id -> exact-display-alias -> strict-registry-alias,dynamic,unknown,RuntimeDetect,conditional,false,true,no static package ID; exact runtime source resolution is required before install or uninstall
491,GameMaker,GAME DEVELOPMENT,GameMaker,,windows,,false,runtime_exact_required,true,exact-package-id -> exact-display-alias -> strict-registry-alias,dynamic,unknown,RuntimeDetect,conditional,false,true,no static package ID; exact runtime source resolution is required before install or uninstall
492,Construct 3,GAME DEVELOPMENT,Construct 3,,windows,,false,runtime_exact_required,true,exact-package-id -> exact-display-alias -> strict-registry-alias,dynamic,unknown,RuntimeDetect,conditional,false,true,no static package ID; exact runtime source resolution is required before install or uninstall
493,GDevelop,GAME DEVELOPMENT,GDevelop,,windows,,false,exact_name_verified,true,exact-package-id -> exact-display-alias -> strict-registry-alias,dynamic,unknown,RuntimeDetect,conditional,false,true,
494,Defold,GAME DEVELOPMENT,Defold,,windows,,false,runtime_exact_required,true,exact-package-id -> exact-display-alias -> strict-registry-alias,dynamic,unknown,RuntimeDetect,conditional,false,true,no static package ID; exact runtime source resolution is required before install or uninstall
495,RPG Maker,GAME DEVELOPMENT,RPG Maker,,windows,,false,runtime_exact_required,true,exact-package-id -> exact-display-alias -> strict-registry-alias,dynamic,unknown,RuntimeDetect,conditional,false,true,no static package ID; exact runtime source resolution is required before install or uninstall
496,Ren'Py,GAME DEVELOPMENT,Ren'Py,,windows,,false,runtime_exact_required,true,exact-package-id -> exact-display-alias -> strict-registry-alias,dynamic,unknown,RuntimeDetect,conditional,false,true,no static package ID; exact runtime source resolution is required before install or uninstall
497,MonoGame,GAME DEVELOPMENT,MonoGame,,windows,,false,runtime_exact_required,true,exact-package-id -> exact-display-alias -> strict-registry-alias,dynamic,unknown,RuntimeDetect,conditional,false,true,no static package ID; exact runtime source resolution is required before install or uninstall
498,Cocos Creator,GAME DEVELOPMENT,Cocos Creator,,windows,,false,runtime_exact_required,true,exact-package-id -> exact-display-alias -> strict-registry-alias,dynamic,unknown,RuntimeDetect,conditional,false,true,no static package ID; exact runtime source resolution is required before install or uninstall
499,CryEngine,GAME DEVELOPMENT,CryEngine,,windows,,false,runtime_exact_required,true,exact-package-id -> exact-display-alias -> strict-registry-alias,dynamic,unknown,RuntimeDetect,conditional,false,true,no static package ID; exact runtime source resolution is required before install or uninstall
500,Stride,GAME DEVELOPMENT,Stride,,windows,,false,runtime_exact_required,true,exact-package-id -> exact-display-alias -> strict-registry-alias,dynamic,unknown,RuntimeDetect,conditional,false,true,no static package ID; exact runtime source resolution is required before install or uninstall
501,Panda3D,GAME DEVELOPMENT,Panda3D,,windows,,false,runtime_exact_required,true,exact-package-id -> exact-display-alias -> strict-registry-alias,dynamic,unknown,RuntimeDetect,conditional,false,true,no static package ID; exact runtime source resolution is required before install or uninstall
502,Love2D,GAME DEVELOPMENT,Love2D,,windows,,false,runtime_exact_required,true,exact-package-id -> exact-display-alias -> strict-registry-alias,dynamic,unknown,RuntimeDetect,conditional,false,true,no static package ID; exact runtime source resolution is required before install or uninstall
503,darktable,FOTÓ / RAW / KÉPKEZELÉS,darktable,,windows,,false,exact_name_verified,true,exact-package-id -> exact-display-alias -> strict-registry-alias,dynamic,unknown,RuntimeDetect,conditional,false,true,
504,RawTherapee,FOTÓ / RAW / KÉPKEZELÉS,RawTherapee,,windows,,false,runtime_exact_required,true,exact-package-id -> exact-display-alias -> strict-registry-alias,dynamic,unknown,RuntimeDetect,conditional,false,true,no static package ID; exact runtime source resolution is required before install or uninstall
505,digiKam,FOTÓ / RAW / KÉPKEZELÉS,digiKam,,windows,,false,exact_name_verified,true,exact-package-id -> exact-display-alias -> strict-registry-alias,dynamic,unknown,RuntimeDetect,conditional,false,true,
506,XnView MP,FOTÓ / RAW / KÉPKEZELÉS,XnView MP,,windows,,false,exact_name_verified,true,exact-package-id -> exact-display-alias -> strict-registry-alias,dynamic,unknown,RuntimeDetect,conditional,false,true,
507,ImageGlass,FOTÓ / RAW / KÉPKEZELÉS,ImageGlass,,windows,,false,exact_name_verified,true,exact-package-id -> exact-display-alias -> strict-registry-alias,dynamic,unknown,RuntimeDetect,conditional,false,true,
508,nomacs,FOTÓ / RAW / KÉPKEZELÉS,nomacs,,windows,,false,runtime_exact_required,true,exact-package-id -> exact-display-alias -> strict-registry-alias,dynamic,unknown,RuntimeDetect,conditional,false,true,no static package ID; exact runtime source resolution is required before install or uninstall
509,JPEGView,FOTÓ / RAW / KÉPKEZELÉS,JPEGView,,windows,,false,exact_name_verified,true,exact-package-id -> exact-display-alias -> strict-registry-alias,dynamic,unknown,RuntimeDetect,conditional,false,true,
510,ExifTool,FOTÓ / RAW / KÉPKEZELÉS,ExifTool,,windows,,false,exact_name_verified,true,exact-package-id -> exact-display-alias -> strict-registry-alias,dynamic,unknown,RuntimeDetect,conditional,false,true,
511,Hugin,FOTÓ / RAW / KÉPKEZELÉS,Hugin,,windows,,false,exact_name_verified,true,exact-package-id -> exact-display-alias -> strict-registry-alias,dynamic,unknown,RuntimeDetect,conditional,false,true,
512,Luminance HDR,FOTÓ / RAW / KÉPKEZELÉS,Luminance HDR,,windows,,false,exact_name_verified,true,exact-package-id -> exact-display-alias -> strict-registry-alias,dynamic,unknown,RuntimeDetect,conditional,false,true,
513,Photivo,FOTÓ / RAW / KÉPKEZELÉS,Photivo,,windows,,false,runtime_exact_required,true,exact-package-id -> exact-display-alias -> strict-registry-alias,dynamic,unknown,RuntimeDetect,conditional,false,true,no static package ID; exact runtime source resolution is required before install or uninstall
514,Capture One,FOTÓ / RAW / KÉPKEZELÉS,Capture One,,windows,,false,runtime_exact_required,true,exact-package-id -> exact-display-alias -> strict-registry-alias,dynamic,unknown,RuntimeDetect,conditional,false,true,no static package ID; exact runtime source resolution is required before install or uninstall
515,ON1 Photo RAW,FOTÓ / RAW / KÉPKEZELÉS,ON1 Photo RAW,,windows,,false,runtime_exact_required,true,exact-package-id -> exact-display-alias -> strict-registry-alias,dynamic,unknown,RuntimeDetect,conditional,false,true,no static package ID; exact runtime source resolution is required before install or uninstall
516,ACDSee Photo Studio,FOTÓ / RAW / KÉPKEZELÉS,ACDSee Photo Studio,,windows,,false,runtime_exact_required,true,exact-package-id -> exact-display-alias -> strict-registry-alias,dynamic,unknown,RuntimeDetect,conditional,false,true,no static package ID; exact runtime source resolution is required before install or uninstall
517,Luminar Neo,FOTÓ / RAW / KÉPKEZELÉS,Luminar Neo,,windows,,false,runtime_exact_required,true,exact-package-id -> exact-display-alias -> strict-registry-alias,dynamic,unknown,RuntimeDetect,conditional,false,true,no static package ID; exact runtime source resolution is required before install or uninstall
518,Flameshot,SCREENSHOT / KÉPERNYŐRÖGZÍTÉS / STREAM,Flameshot,,windows,,false,exact_name_verified,true,exact-package-id -> exact-display-alias -> strict-registry-alias,dynamic,unknown,RuntimeDetect,conditional,false,true,
519,Lightshot,SCREENSHOT / KÉPERNYŐRÖGZÍTÉS / STREAM,Lightshot,,windows,,false,exact_name_verified,true,exact-package-id -> exact-display-alias -> strict-registry-alias,dynamic,unknown,RuntimeDetect,conditional,false,true,
520,Snipping Tool,SCREENSHOT / KÉPERNYŐRÖGZÍTÉS / STREAM,Snipping Tool,,windows,,false,runtime_exact_required,true,exact-package-id -> exact-display-alias -> strict-registry-alias,dynamic,unknown,RuntimeDetect,conditional,false,true,no static package ID; exact runtime source resolution is required before install or uninstall
521,Streamlabs Desktop,SCREENSHOT / KÉPERNYŐRÖGZÍTÉS / STREAM,Streamlabs Desktop,,windows,,false,exact_name_verified,true,exact-package-id -> exact-display-alias -> strict-registry-alias,dynamic,unknown,RuntimeDetect,conditional,false,true,
522,Bandicam,SCREENSHOT / KÉPERNYŐRÖGZÍTÉS / STREAM,Bandicam,,windows,,false,runtime_exact_required,true,exact-package-id -> exact-display-alias -> strict-registry-alias,dynamic,unknown,RuntimeDetect,conditional,false,true,no static package ID; exact runtime source resolution is required before install or uninstall
523,Camtasia,SCREENSHOT / KÉPERNYŐRÖGZÍTÉS / STREAM,Camtasia,,windows,,false,runtime_exact_required,true,exact-package-id -> exact-display-alias -> strict-registry-alias,dynamic,unknown,RuntimeDetect,conditional,false,true,no static package ID; exact runtime source resolution is required before install or uninstall
524,ScreenToGif,SCREENSHOT / KÉPERNYŐRÖGZÍTÉS / STREAM,ScreenToGif,,windows,,false,exact_name_verified,true,exact-package-id -> exact-display-alias -> strict-registry-alias,dynamic,unknown,RuntimeDetect,conditional,false,true,
525,Gyazo,SCREENSHOT / KÉPERNYŐRÖGZÍTÉS / STREAM,Gyazo,,windows,,false,exact_name_verified,true,exact-package-id -> exact-display-alias -> strict-registry-alias,dynamic,unknown,RuntimeDetect,conditional,false,true,
526,LICEcap,SCREENSHOT / KÉPERNYŐRÖGZÍTÉS / STREAM,LICEcap,,windows,,false,exact_name_verified,true,exact-package-id -> exact-display-alias -> strict-registry-alias,dynamic,unknown,RuntimeDetect,conditional,false,true,
527,NVIDIA App / ShadowPlay,SCREENSHOT / KÉPERNYŐRÖGZÍTÉS / STREAM,NVIDIA App / ShadowPlay,,windows,,false,runtime_exact_required,true,exact-package-id -> exact-display-alias -> strict-registry-alias,dynamic,unknown,RuntimeDetect,conditional,false,true,no static package ID; exact runtime source resolution is required before install or uninstall
528,AMD Software Adrenalin Recording,SCREENSHOT / KÉPERNYŐRÖGZÍTÉS / STREAM,AMD Software Adrenalin Recording,,windows,,false,runtime_exact_required,true,exact-package-id -> exact-display-alias -> strict-registry-alias,dynamic,unknown,RuntimeDetect,conditional,false,true,no static package ID; exact runtime source resolution is required before install or uninstall
529,Xbox Game Bar,SCREENSHOT / KÉPERNYŐRÖGZÍTÉS / STREAM,Xbox Game Bar,,windows,,false,runtime_exact_required,true,exact-package-id -> exact-display-alias -> strict-registry-alias,dynamic,msix,MSIXStore,conditional,false,true,no static package ID; exact runtime source resolution is required before install or uninstall
530,Action!,SCREENSHOT / KÉPERNYŐRÖGZÍTÉS / STREAM,Action!,,windows,,false,runtime_exact_required,true,exact-package-id -> exact-display-alias -> strict-registry-alias,dynamic,unknown,RuntimeDetect,conditional,false,true,no static package ID; exact runtime source resolution is required before install or uninstall
531,XSplit Broadcaster,SCREENSHOT / KÉPERNYŐRÖGZÍTÉS / STREAM,XSplit Broadcaster,,windows,,false,runtime_exact_required,true,exact-package-id -> exact-display-alias -> strict-registry-alias,dynamic,unknown,RuntimeDetect,conditional,false,true,no static package ID; exact runtime source resolution is required before install or uninstall
532,Elgato 4K Capture Utility,SCREENSHOT / KÉPERNYŐRÖGZÍTÉS / STREAM,Elgato 4K Capture Utility,,windows,,false,exact_name_verified,true,exact-package-id -> exact-display-alias -> strict-registry-alias,dynamic,unknown,RuntimeDetect,conditional,false,true,
533,Elgato Stream Deck,SCREENSHOT / KÉPERNYŐRÖGZÍTÉS / STREAM,Elgato Stream Deck,,windows,,false,exact_name_verified,true,exact-package-id -> exact-display-alias -> strict-registry-alias,dynamic,unknown,RuntimeDetect,conditional,false,true,
534,DaVinci Resolve,VIDEÓVÁGÁS / KONVERTÁLÁS,DaVinci Resolve,,windows,,false,runtime_exact_required,true,exact-package-id -> exact-display-alias -> strict-registry-alias,dynamic,unknown,RuntimeDetect,conditional,false,true,no static package ID; exact runtime source resolution is required before install or uninstall
535,Kdenlive,VIDEÓVÁGÁS / KONVERTÁLÁS,Kdenlive,,windows,KDE.Kdenlive,true,hardcoded_id_verified,true,exact-package-id -> exact-display-alias -> strict-registry-alias,dynamic,unknown,RuntimeDetect,conditional,false,true,
536,Shotcut,VIDEÓVÁGÁS / KONVERTÁLÁS,Shotcut,,windows,Meltytech.Shotcut,true,hardcoded_id_verified,true,exact-package-id -> exact-display-alias -> strict-registry-alias,dynamic,unknown,RuntimeDetect,conditional,false,true,
537,OpenShot,VIDEÓVÁGÁS / KONVERTÁLÁS,OpenShot,,windows,OpenShot.OpenShot,true,hardcoded_id_verified,true,exact-package-id -> exact-display-alias -> strict-registry-alias,dynamic,unknown,RuntimeDetect,conditional,false,true,
538,FFmpeg,VIDEÓVÁGÁS / KONVERTÁLÁS,FFmpeg,,windows,Gyan.FFmpeg,true,hardcoded_id_verified,true,exact-package-id -> exact-display-alias -> strict-registry-alias,dynamic,unknown,RuntimeDetect,conditional,false,true,
539,Avidemux,VIDEÓVÁGÁS / KONVERTÁLÁS,Avidemux,,windows,,false,exact_name_verified,true,exact-package-id -> exact-display-alias -> strict-registry-alias,dynamic,unknown,RuntimeDetect,conditional,false,true,
540,LosslessCut,VIDEÓVÁGÁS / KONVERTÁLÁS,LosslessCut,,windows,,false,exact_name_verified,true,exact-package-id -> exact-display-alias -> strict-registry-alias,dynamic,unknown,RuntimeDetect,conditional,false,true,
541,Shutter Encoder,VIDEÓVÁGÁS / KONVERTÁLÁS,Shutter Encoder,,windows,,false,exact_name_verified,true,exact-package-id -> exact-display-alias -> strict-registry-alias,dynamic,unknown,RuntimeDetect,conditional,false,true,
542,CapCut Desktop,VIDEÓVÁGÁS / KONVERTÁLÁS,CapCut Desktop,,windows,,false,runtime_exact_required,true,exact-package-id -> exact-display-alias -> strict-registry-alias,dynamic,unknown,RuntimeDetect,conditional,false,true,no static package ID; exact runtime source resolution is required before install or uninstall
543,VEGAS Pro,VIDEÓVÁGÁS / KONVERTÁLÁS,VEGAS Pro,,windows,,false,runtime_exact_required,true,exact-package-id -> exact-display-alias -> strict-registry-alias,dynamic,unknown,RuntimeDetect,conditional,false,true,no static package ID; exact runtime source resolution is required before install or uninstall
544,Adobe Premiere Pro,VIDEÓVÁGÁS / KONVERTÁLÁS,Adobe Premiere Pro,,windows,,false,runtime_exact_required,true,exact-package-id -> exact-display-alias -> strict-registry-alias,dynamic,unknown,RuntimeDetect,conditional,false,true,no static package ID; exact runtime source resolution is required before install or uninstall
545,Adobe After Effects,VIDEÓVÁGÁS / KONVERTÁLÁS,Adobe After Effects,,windows,,false,runtime_exact_required,true,exact-package-id -> exact-display-alias -> strict-registry-alias,dynamic,unknown,RuntimeDetect,conditional,false,true,no static package ID; exact runtime source resolution is required before install or uninstall
546,HitFilm,VIDEÓVÁGÁS / KONVERTÁLÁS,HitFilm,,windows,,false,runtime_exact_required,true,exact-package-id -> exact-display-alias -> strict-registry-alias,dynamic,unknown,RuntimeDetect,conditional,false,true,no static package ID; exact runtime source resolution is required before install or uninstall
547,Lightworks,VIDEÓVÁGÁS / KONVERTÁLÁS,Lightworks,,windows,,false,exact_name_verified,true,exact-package-id -> exact-display-alias -> strict-registry-alias,dynamic,unknown,RuntimeDetect,conditional,false,true,
548,Olive Video Editor,VIDEÓVÁGÁS / KONVERTÁLÁS,Olive Video Editor,,windows,,false,exact_name_verified,true,exact-package-id -> exact-display-alias -> strict-registry-alias,dynamic,unknown,RuntimeDetect,conditional,false,true,
549,VSDC Free Video Editor,VIDEÓVÁGÁS / KONVERTÁLÁS,VSDC Free Video Editor,,windows,,false,exact_name_verified,true,exact-package-id -> exact-display-alias -> strict-registry-alias,dynamic,unknown,RuntimeDetect,conditional,false,true,
550,Filmora,VIDEÓVÁGÁS / KONVERTÁLÁS,Filmora,,windows,,false,runtime_exact_required,true,exact-package-id -> exact-display-alias -> strict-registry-alias,dynamic,unknown,RuntimeDetect,conditional,false,true,no static package ID; exact runtime source resolution is required before install or uninstall
551,Ableton Live,AUDIO / ZENE / DAW,Ableton Live,,windows,,false,runtime_exact_required,true,exact-package-id -> exact-display-alias -> strict-registry-alias,dynamic,unknown,RuntimeDetect,conditional,false,true,no static package ID; exact runtime source resolution is required before install or uninstall
552,Studio One,AUDIO / ZENE / DAW,Studio One,,windows,,false,runtime_exact_required,true,exact-package-id -> exact-display-alias -> strict-registry-alias,dynamic,unknown,RuntimeDetect,conditional,false,true,no static package ID; exact runtime source resolution is required before install or uninstall
553,Cakewalk,AUDIO / ZENE / DAW,Cakewalk,,windows,,false,runtime_exact_required,true,exact-package-id -> exact-display-alias -> strict-registry-alias,dynamic,unknown,RuntimeDetect,conditional,false,true,no static package ID; exact runtime source resolution is required before install or uninstall
554,Waveform Free,AUDIO / ZENE / DAW,Waveform Free,,windows,,false,runtime_exact_required,true,exact-package-id -> exact-display-alias -> strict-registry-alias,dynamic,unknown,RuntimeDetect,conditional,false,true,no static package ID; exact runtime source resolution is required before install or uninstall
555,LMMS,AUDIO / ZENE / DAW,LMMS,,windows,,false,exact_name_verified,true,exact-package-id -> exact-display-alias -> strict-registry-alias,dynamic,unknown,RuntimeDetect,conditional,false,true,
556,Ardour,AUDIO / ZENE / DAW,Ardour,,windows,,false,runtime_exact_required,true,exact-package-id -> exact-display-alias -> strict-registry-alias,dynamic,unknown,RuntimeDetect,conditional,false,true,no static package ID; exact runtime source resolution is required before install or uninstall
557,MuseScore,AUDIO / ZENE / DAW,MuseScore,,windows,,false,exact_name_verified,true,exact-package-id -> exact-display-alias -> strict-registry-alias,dynamic,unknown,RuntimeDetect,conditional,false,true,
558,Equalizer APO,AUDIO / ZENE / DAW,Equalizer APO,,windows,,false,runtime_exact_required,true,exact-package-id -> exact-display-alias -> strict-registry-alias,dynamic,unknown,RuntimeDetect,conditional,false,true,no static package ID; exact runtime source resolution is required before install or uninstall
559,Peace Equalizer,AUDIO / ZENE / DAW,Peace Equalizer,,windows,,false,runtime_exact_required,true,exact-package-id -> exact-display-alias -> strict-registry-alias,dynamic,unknown,RuntimeDetect,conditional,false,true,no static package ID; exact runtime source resolution is required before install or uninstall
560,Voicemeeter,AUDIO / ZENE / DAW,Voicemeeter,,windows,,false,exact_name_verified,true,exact-package-id -> exact-display-alias -> strict-registry-alias,dynamic,unknown,RuntimeDetect,conditional,false,true,
561,VB-CABLE,AUDIO / ZENE / DAW,VB-CABLE,,windows,,false,runtime_exact_required,true,exact-package-id -> exact-display-alias -> strict-registry-alias,dynamic,unknown,RuntimeDetect,conditional,false,true,no static package ID; exact runtime source resolution is required before install or uninstall
562,Mixxx,AUDIO / ZENE / DAW,Mixxx,,windows,,false,exact_name_verified,true,exact-package-id -> exact-display-alias -> strict-registry-alias,dynamic,unknown,RuntimeDetect,conditional,false,true,
563,Ocenaudio,AUDIO / ZENE / DAW,Ocenaudio,,windows,,false,exact_name_verified,true,exact-package-id -> exact-display-alias -> strict-registry-alias,dynamic,unknown,RuntimeDetect,conditional,false,true,
564,Tenacity,AUDIO / ZENE / DAW,Tenacity,,windows,,false,exact_name_verified,true,exact-package-id -> exact-display-alias -> strict-registry-alias,dynamic,unknown,RuntimeDetect,conditional,false,true,
565,Native Access,GITÁR / AUDIO PLUGIN / HARDVER,Native Access,,windows,,false,runtime_exact_required,true,exact-package-id -> exact-display-alias -> strict-registry-alias,dynamic,unknown,RuntimeDetect,conditional,false,true,no static package ID; exact runtime source resolution is required before install or uninstall
566,IK Product Manager,GITÁR / AUDIO PLUGIN / HARDVER,IK Product Manager,,windows,,false,runtime_exact_required,true,exact-package-id -> exact-display-alias -> strict-registry-alias,dynamic,unknown,RuntimeDetect,conditional,false,true,no static package ID; exact runtime source resolution is required before install or uninstall
567,Arturia Software Center,GITÁR / AUDIO PLUGIN / HARDVER,Arturia Software Center,,windows,,false,runtime_exact_required,true,exact-package-id -> exact-display-alias -> strict-registry-alias,dynamic,unknown,RuntimeDetect,conditional,false,true,no static package ID; exact runtime source resolution is required before install or uninstall
568,Waves Central,GITÁR / AUDIO PLUGIN / HARDVER,Waves Central,,windows,,false,exact_name_verified,true,exact-package-id -> exact-display-alias -> strict-registry-alias,dynamic,unknown,RuntimeDetect,conditional,false,true,
569,Neural DSP,GITÁR / AUDIO PLUGIN / HARDVER,Neural DSP,,windows,,false,runtime_exact_required,true,exact-package-id -> exact-display-alias -> strict-registry-alias,dynamic,unknown,RuntimeDetect,conditional,false,true,no static package ID; exact runtime source resolution is required before install or uninstall
570,AmpliTube,GITÁR / AUDIO PLUGIN / HARDVER,AmpliTube,,windows,,false,runtime_exact_required,true,exact-package-id -> exact-display-alias -> strict-registry-alias,dynamic,unknown,RuntimeDetect,conditional,false,true,no static package ID; exact runtime source resolution is required before install or uninstall
571,Guitar Rig,GITÁR / AUDIO PLUGIN / HARDVER,Guitar Rig,,windows,,false,runtime_exact_required,true,exact-package-id -> exact-display-alias -> strict-registry-alias,dynamic,unknown,RuntimeDetect,conditional,false,true,no static package ID; exact runtime source resolution is required before install or uninstall
572,ToneX,GITÁR / AUDIO PLUGIN / HARDVER,ToneX,,windows,,false,runtime_exact_required,true,exact-package-id -> exact-display-alias -> strict-registry-alias,dynamic,unknown,RuntimeDetect,conditional,false,true,no static package ID; exact runtime source resolution is required before install or uninstall
573,NAM Universal,GITÁR / AUDIO PLUGIN / HARDVER,NAM Universal,,windows,,false,runtime_exact_required,true,exact-package-id -> exact-display-alias -> strict-registry-alias,dynamic,unknown,RuntimeDetect,conditional,false,true,no static package ID; exact runtime source resolution is required before install or uninstall
574,ReaPlugs,GITÁR / AUDIO PLUGIN / HARDVER,ReaPlugs,,windows,,false,runtime_exact_required,true,exact-package-id -> exact-display-alias -> strict-registry-alias,dynamic,unknown,RuntimeDetect,conditional,false,true,no static package ID; exact runtime source resolution is required before install or uninstall
575,Helix Native,GITÁR / AUDIO PLUGIN / HARDVER,Helix Native,,windows,,false,runtime_exact_required,true,exact-package-id -> exact-display-alias -> strict-registry-alias,dynamic,unknown,RuntimeDetect,conditional,false,true,no static package ID; exact runtime source resolution is required before install or uninstall
576,TH-U,GITÁR / AUDIO PLUGIN / HARDVER,TH-U,,windows,,false,runtime_exact_required,true,exact-package-id -> exact-display-alias -> strict-registry-alias,dynamic,unknown,RuntimeDetect,conditional,false,true,no static package ID; exact runtime source resolution is required before install or uninstall
577,BIAS FX,GITÁR / AUDIO PLUGIN / HARDVER,BIAS FX,,windows,,false,runtime_exact_required,true,exact-package-id -> exact-display-alias -> strict-registry-alias,dynamic,unknown,RuntimeDetect,conditional,false,true,no static package ID; exact runtime source resolution is required before install or uninstall
578,Positive Grid Spark app,GITÁR / AUDIO PLUGIN / HARDVER,Positive Grid Spark app,,windows,,false,runtime_exact_required,true,exact-package-id -> exact-display-alias -> strict-registry-alias,dynamic,unknown,RuntimeDetect,conditional,false,true,no static package ID; exact runtime source resolution is required before install or uninstall
579,Line 6 Central,GITÁR / AUDIO PLUGIN / HARDVER,Line 6 Central,,windows,,false,exact_name_verified,true,exact-package-id -> exact-display-alias -> strict-registry-alias,dynamic,unknown,RuntimeDetect,conditional,false,true,
580,Apache OpenOffice,OFFICE / PDF / JEGYZET,Apache OpenOffice,,windows,,false,runtime_exact_required,true,exact-package-id -> exact-display-alias -> strict-registry-alias,dynamic,unknown,RuntimeDetect,conditional,false,true,no static package ID; exact runtime source resolution is required before install or uninstall
581,Microsoft 365 / Office,OFFICE / PDF / JEGYZET,Microsoft 365 / Office,,windows,,false,runtime_exact_required,true,exact-package-id -> exact-display-alias -> strict-registry-alias,dynamic,unknown,RuntimeDetect,conditional,false,true,no static package ID; exact runtime source resolution is required before install or uninstall
582,OnlyOffice Desktop Editors,OFFICE / PDF / JEGYZET,OnlyOffice Desktop Editors,,windows,,false,exact_name_verified,true,exact-package-id -> exact-display-alias -> strict-registry-alias,dynamic,unknown,RuntimeDetect,conditional,false,true,
583,WPS Office,OFFICE / PDF / JEGYZET,WPS Office,,windows,,false,runtime_exact_required,true,exact-package-id -> exact-display-alias -> strict-registry-alias,dynamic,unknown,RuntimeDetect,conditional,false,true,no static package ID; exact runtime source resolution is required before install or uninstall
584,FreeOffice,OFFICE / PDF / JEGYZET,FreeOffice,,windows,,false,runtime_exact_required,true,exact-package-id -> exact-display-alias -> strict-registry-alias,dynamic,unknown,RuntimeDetect,conditional,false,true,no static package ID; exact runtime source resolution is required before install or uninstall
585,PDF24 Creator,OFFICE / PDF / JEGYZET,PDF24 Creator,,windows,,false,exact_name_verified,true,exact-package-id -> exact-display-alias -> strict-registry-alias,dynamic,unknown,RuntimeDetect,conditional,false,true,
586,Foxit PDF Reader,OFFICE / PDF / JEGYZET,Foxit PDF Reader,,windows,,false,runtime_exact_required,true,exact-package-id -> exact-display-alias -> strict-registry-alias,dynamic,unknown,RuntimeDetect,conditional,false,true,no static package ID; exact runtime source resolution is required before install or uninstall
587,Okular,OFFICE / PDF / JEGYZET,Okular,,windows,,false,exact_name_verified,true,exact-package-id -> exact-display-alias -> strict-registry-alias,dynamic,unknown,RuntimeDetect,conditional,false,true,
588,Xournal++,OFFICE / PDF / JEGYZET,Xournal++,,windows,,false,exact_name_verified,true,exact-package-id -> exact-display-alias -> strict-registry-alias,dynamic,unknown,RuntimeDetect,conditional,false,true,
589,Obsidian,OFFICE / PDF / JEGYZET,Obsidian,,windows,,false,exact_name_verified,true,exact-package-id -> exact-display-alias -> strict-registry-alias,dynamic,unknown,RuntimeDetect,conditional,false,true,
590,Notion,OFFICE / PDF / JEGYZET,Notion,,windows,,false,exact_name_verified,true,exact-package-id -> exact-display-alias -> strict-registry-alias,dynamic,unknown,RuntimeDetect,conditional,false,true,
591,Joplin,OFFICE / PDF / JEGYZET,Joplin,,windows,,false,exact_name_verified,true,exact-package-id -> exact-display-alias -> strict-registry-alias,dynamic,unknown,RuntimeDetect,conditional,false,true,
592,Logseq,OFFICE / PDF / JEGYZET,Logseq,,windows,,false,exact_name_verified,true,exact-package-id -> exact-display-alias -> strict-registry-alias,dynamic,unknown,RuntimeDetect,conditional,false,true,
593,Zotero,OFFICE / PDF / JEGYZET,Zotero,,windows,,false,exact_name_verified,true,exact-package-id -> exact-display-alias -> strict-registry-alias,dynamic,unknown,RuntimeDetect,conditional,false,true,
594,Mendeley Reference Manager,OFFICE / PDF / JEGYZET,Mendeley Reference Manager,,windows,,false,exact_name_verified,true,exact-package-id -> exact-display-alias -> strict-registry-alias,dynamic,unknown,RuntimeDetect,conditional,false,true,
595,Typora,OFFICE / PDF / JEGYZET,Typora,,windows,,false,runtime_exact_required,true,exact-package-id -> exact-display-alias -> strict-registry-alias,dynamic,unknown,RuntimeDetect,conditional,false,true,no static package ID; exact runtime source resolution is required before install or uninstall
596,MarkText,OFFICE / PDF / JEGYZET,MarkText,,windows,,false,exact_name_verified,true,exact-package-id -> exact-display-alias -> strict-registry-alias,dynamic,unknown,RuntimeDetect,conditional,false,true,
597,Trilium Notes,OFFICE / PDF / JEGYZET,Trilium Notes,,windows,,false,runtime_exact_required,true,exact-package-id -> exact-display-alias -> strict-registry-alias,dynamic,unknown,RuntimeDetect,conditional,false,true,no static package ID; exact runtime source resolution is required before install or uninstall
598,Standard Notes,OFFICE / PDF / JEGYZET,Standard Notes,,windows,,false,exact_name_verified,true,exact-package-id -> exact-display-alias -> strict-registry-alias,dynamic,unknown,RuntimeDetect,conditional,false,true,
599,NanaZip,FÁJLKEZELÉS / KERESÉS / TÖMÖRÍTÉS,NanaZip,,windows,,false,exact_name_verified,true,exact-package-id -> exact-display-alias -> strict-registry-alias,dynamic,unknown,RuntimeDetect,conditional,false,true,
600,Bandizip,FÁJLKEZELÉS / KERESÉS / TÖMÖRÍTÉS,Bandizip,,windows,,false,exact_name_verified,true,exact-package-id -> exact-display-alias -> strict-registry-alias,dynamic,unknown,RuntimeDetect,conditional,false,true,
601,Listary,FÁJLKEZELÉS / KERESÉS / TÖMÖRÍTÉS,Listary,,windows,,false,exact_name_verified,true,exact-package-id -> exact-display-alias -> strict-registry-alias,dynamic,unknown,RuntimeDetect,conditional,false,true,
602,Total Commander,FÁJLKEZELÉS / KERESÉS / TÖMÖRÍTÉS,Total Commander,,windows,,false,runtime_exact_required,true,exact-package-id -> exact-display-alias -> strict-registry-alias,dynamic,unknown,RuntimeDetect,conditional,false,true,no static package ID; exact runtime source resolution is required before install or uninstall
603,Double Commander,FÁJLKEZELÉS / KERESÉS / TÖMÖRÍTÉS,Double Commander,,windows,,false,exact_name_verified,true,exact-package-id -> exact-display-alias -> strict-registry-alias,dynamic,unknown,RuntimeDetect,conditional,false,true,
604,FreeCommander,FÁJLKEZELÉS / KERESÉS / TÖMÖRÍTÉS,FreeCommander,,windows,,false,runtime_exact_required,true,exact-package-id -> exact-display-alias -> strict-registry-alias,dynamic,unknown,RuntimeDetect,conditional,false,true,no static package ID; exact runtime source resolution is required before install or uninstall
605,Files App,FÁJLKEZELÉS / KERESÉS / TÖMÖRÍTÉS,Files App,,windows,,false,runtime_exact_required,true,exact-package-id -> exact-display-alias -> strict-registry-alias,dynamic,unknown,RuntimeDetect,conditional,false,true,no static package ID; exact runtime source resolution is required before install or uninstall
606,Directory Opus,FÁJLKEZELÉS / KERESÉS / TÖMÖRÍTÉS,Directory Opus,,windows,,false,runtime_exact_required,true,exact-package-id -> exact-display-alias -> strict-registry-alias,dynamic,unknown,RuntimeDetect,conditional,false,true,no static package ID; exact runtime source resolution is required before install or uninstall
607,FastCopy,FÁJLKEZELÉS / KERESÉS / TÖMÖRÍTÉS,FastCopy,,windows,,false,exact_name_verified,true,exact-package-id -> exact-display-alias -> strict-registry-alias,dynamic,unknown,RuntimeDetect,conditional,false,true,
608,Bulk Rename Utility,FÁJLKEZELÉS / KERESÉS / TÖMÖRÍTÉS,Bulk Rename Utility,,windows,,false,runtime_exact_required,true,exact-package-id -> exact-display-alias -> strict-registry-alias,dynamic,unknown,RuntimeDetect,conditional,false,true,no static package ID; exact runtime source resolution is required before install or uninstall
609,SpaceSniffer,FÁJLKEZELÉS / KERESÉS / TÖMÖRÍTÉS,SpaceSniffer,,windows,,false,exact_name_verified,true,exact-package-id -> exact-display-alias -> strict-registry-alias,dynamic,unknown,RuntimeDetect,conditional,false,true,
610,OneCommander,FÁJLKEZELÉS / KERESÉS / TÖMÖRÍTÉS,OneCommander,,windows,,false,runtime_exact_required,true,exact-package-id -> exact-display-alias -> strict-registry-alias,dynamic,unknown,RuntimeDetect,conditional,false,true,no static package ID; exact runtime source resolution is required before install or uninstall
611,Sysinternals Suite,RENDSZER / HARDVER / DIAGNOSZTIKA,Sysinternals Suite,,windows,,false,exact_name_verified,true,exact-package-id -> exact-display-alias -> strict-registry-alias,dynamic,unknown,RuntimeDetect,conditional,false,true,
612,Process Explorer,RENDSZER / HARDVER / DIAGNOSZTIKA,Process Explorer,,windows,,false,exact_name_verified,true,exact-package-id -> exact-display-alias -> strict-registry-alias,dynamic,unknown,RuntimeDetect,conditional,false,true,
613,Process Monitor,RENDSZER / HARDVER / DIAGNOSZTIKA,Process Monitor,,windows,,false,exact_name_verified,true,exact-package-id -> exact-display-alias -> strict-registry-alias,dynamic,unknown,RuntimeDetect,conditional,false,true,
614,Autoruns,RENDSZER / HARDVER / DIAGNOSZTIKA,Autoruns,,windows,,false,exact_name_verified,true,exact-package-id -> exact-display-alias -> strict-registry-alias,dynamic,unknown,RuntimeDetect,conditional,false,true,
615,TCPView,RENDSZER / HARDVER / DIAGNOSZTIKA,TCPView,,windows,,false,exact_name_verified,true,exact-package-id -> exact-display-alias -> strict-registry-alias,dynamic,unknown,RuntimeDetect,conditional,false,true,
616,GPU-Z,RENDSZER / HARDVER / DIAGNOSZTIKA,GPU-Z,,windows,,false,runtime_exact_required,true,exact-package-id -> exact-display-alias -> strict-registry-alias,dynamic,unknown,RuntimeDetect,conditional,false,true,no static package ID; exact runtime source resolution is required before install or uninstall
617,HWMonitor,RENDSZER / HARDVER / DIAGNOSZTIKA,HWMonitor,,windows,,false,runtime_exact_required,true,exact-package-id -> exact-display-alias -> strict-registry-alias,dynamic,unknown,RuntimeDetect,conditional,false,true,no static package ID; exact runtime source resolution is required before install or uninstall
618,Speccy,RENDSZER / HARDVER / DIAGNOSZTIKA,Speccy,,windows,,false,exact_name_verified,true,exact-package-id -> exact-display-alias -> strict-registry-alias,dynamic,unknown,RuntimeDetect,conditional,false,true,
619,Hard Disk Sentinel,RENDSZER / HARDVER / DIAGNOSZTIKA,Hard Disk Sentinel,,windows,,false,runtime_exact_required,true,exact-package-id -> exact-display-alias -> strict-registry-alias,dynamic,unknown,RuntimeDetect,conditional,false,true,no static package ID; exact runtime source resolution is required before install or uninstall
620,RivaTuner Statistics Server,RENDSZER / HARDVER / DIAGNOSZTIKA,RivaTuner Statistics Server,,windows,,false,exact_name_verified,true,exact-package-id -> exact-display-alias -> strict-registry-alias,dynamic,unknown,RuntimeDetect,conditional,false,true,
621,OCCT,RENDSZER / HARDVER / DIAGNOSZTIKA,OCCT,,windows,,false,exact_name_verified,true,exact-package-id -> exact-display-alias -> strict-registry-alias,dynamic,unknown,RuntimeDetect,conditional,false,true,
622,Prime95,RENDSZER / HARDVER / DIAGNOSZTIKA,Prime95,,windows,,false,exact_name_verified,true,exact-package-id -> exact-display-alias -> strict-registry-alias,dynamic,unknown,RuntimeDetect,conditional,false,true,
623,Cinebench,RENDSZER / HARDVER / DIAGNOSZTIKA,Cinebench,,windows,,false,runtime_exact_required,true,exact-package-id -> exact-display-alias -> strict-registry-alias,dynamic,unknown,RuntimeDetect,conditional,false,true,no static package ID; exact runtime source resolution is required before install or uninstall
624,MemTest86,RENDSZER / HARDVER / DIAGNOSZTIKA,MemTest86,,windows,,false,runtime_exact_required,true,exact-package-id -> exact-display-alias -> strict-registry-alias,dynamic,unknown,RuntimeDetect,conditional,false,true,no static package ID; exact runtime source resolution is required before install or uninstall
625,Victoria HDD/SSD,RENDSZER / HARDVER / DIAGNOSZTIKA,Victoria HDD/SSD,,windows,,false,runtime_exact_required,true,exact-package-id -> exact-display-alias -> strict-registry-alias,dynamic,unknown,RuntimeDetect,conditional,false,true,no static package ID; exact runtime source resolution is required before install or uninstall
626,AIDA64,RENDSZER / HARDVER / DIAGNOSZTIKA,AIDA64,,windows,,false,runtime_exact_required,true,exact-package-id -> exact-display-alias -> strict-registry-alias,dynamic,unknown,RuntimeDetect,conditional,false,true,no static package ID; exact runtime source resolution is required before install or uninstall
627,Core Temp,RENDSZER / HARDVER / DIAGNOSZTIKA,Core Temp,,windows,,false,exact_name_verified,true,exact-package-id -> exact-display-alias -> strict-registry-alias,dynamic,unknown,RuntimeDetect,conditional,false,true,
628,Open Hardware Monitor,RENDSZER / HARDVER / DIAGNOSZTIKA,Open Hardware Monitor,,windows,,false,runtime_exact_required,true,exact-package-id -> exact-display-alias -> strict-registry-alias,dynamic,unknown,RuntimeDetect,conditional,false,true,no static package ID; exact runtime source resolution is required before install or uninstall
629,Libre Hardware Monitor,RENDSZER / HARDVER / DIAGNOSZTIKA,Libre Hardware Monitor,,windows,,false,runtime_exact_required,true,exact-package-id -> exact-display-alias -> strict-registry-alias,dynamic,unknown,RuntimeDetect,conditional,false,true,no static package ID; exact runtime source resolution is required before install or uninstall
630,UNetbootin,WINDOWS TELEPÍTÉS / USB / ISO,UNetbootin,,windows,,false,exact_name_verified,true,exact-package-id -> exact-display-alias -> strict-registry-alias,dynamic,unknown,RuntimeDetect,conditional,false,true,
631,YUMI,WINDOWS TELEPÍTÉS / USB / ISO,YUMI,,windows,,false,runtime_exact_required,true,exact-package-id -> exact-display-alias -> strict-registry-alias,dynamic,unknown,RuntimeDetect,conditional,false,true,no static package ID; exact runtime source resolution is required before install or uninstall
632,Win32 Disk Imager,WINDOWS TELEPÍTÉS / USB / ISO,Win32 Disk Imager,,windows,,false,runtime_exact_required,true,exact-package-id -> exact-display-alias -> strict-registry-alias,dynamic,unknown,RuntimeDetect,conditional,false,true,no static package ID; exact runtime source resolution is required before install or uninstall
633,PowerISO,WINDOWS TELEPÍTÉS / USB / ISO,PowerISO,,windows,,false,runtime_exact_required,true,exact-package-id -> exact-display-alias -> strict-registry-alias,dynamic,unknown,RuntimeDetect,conditional,false,true,no static package ID; exact runtime source resolution is required before install or uninstall
634,AnyBurn,WINDOWS TELEPÍTÉS / USB / ISO,AnyBurn,,windows,,false,exact_name_verified,true,exact-package-id -> exact-display-alias -> strict-registry-alias,dynamic,unknown,RuntimeDetect,conditional,false,true,
635,WinCDEmu,WINDOWS TELEPÍTÉS / USB / ISO,WinCDEmu,,windows,,false,runtime_exact_required,true,exact-package-id -> exact-display-alias -> strict-registry-alias,dynamic,unknown,RuntimeDetect,conditional,false,true,no static package ID; exact runtime source resolution is required before install or uninstall
636,Virtual CloneDrive,WINDOWS TELEPÍTÉS / USB / ISO,Virtual CloneDrive,,windows,,false,runtime_exact_required,true,exact-package-id -> exact-display-alias -> strict-registry-alias,dynamic,unknown,RuntimeDetect,conditional,false,true,no static package ID; exact runtime source resolution is required before install or uninstall
637,Media Creation Tool,WINDOWS TELEPÍTÉS / USB / ISO,Media Creation Tool,,windows,,false,exact_name_verified,true,exact-package-id -> exact-display-alias -> strict-registry-alias,dynamic,unknown,RuntimeDetect,conditional,false,true,
638,Windows Installation Assistant,WINDOWS TELEPÍTÉS / USB / ISO,Windows Installation Assistant,,windows,,false,runtime_exact_required,true,exact-package-id -> exact-display-alias -> strict-registry-alias,dynamic,unknown,RuntimeDetect,conditional,false,true,no static package ID; exact runtime source resolution is required before install or uninstall
639,NTLite,WINDOWS TELEPÍTÉS / USB / ISO,NTLite,,windows,,false,exact_name_verified,true,exact-package-id -> exact-display-alias -> strict-registry-alias,dynamic,unknown,RuntimeDetect,conditional,false,true,
640,Hyper-V,VIRTUALIZÁCIÓ / KONTAINEREK,Hyper-V,,windows,,false,runtime_exact_required,true,exact-package-id -> exact-display-alias -> strict-registry-alias,dynamic,unknown,RuntimeDetect,conditional,false,true,no static package ID; exact runtime source resolution is required before install or uninstall
641,WSL2 disztribúciók,VIRTUALIZÁCIÓ / KONTAINEREK,WSL2 disztribúciók,,windows,,false,runtime_exact_required,true,exact-package-id -> exact-display-alias -> strict-registry-alias,dynamic,unknown,RuntimeDetect,conditional,false,true,no static package ID; exact runtime source resolution is required before install or uninstall
642,QEMU,VIRTUALIZÁCIÓ / KONTAINEREK,QEMU,,windows,,false,exact_name_verified,true,exact-package-id -> exact-display-alias -> strict-registry-alias,dynamic,unknown,RuntimeDetect,conditional,false,true,
643,Vagrant,VIRTUALIZÁCIÓ / KONTAINEREK,Vagrant,,windows,,false,exact_name_verified,true,exact-package-id -> exact-display-alias -> strict-registry-alias,dynamic,unknown,RuntimeDetect,conditional,false,true,
644,Multipass,VIRTUALIZÁCIÓ / KONTAINEREK,Multipass,,windows,,false,exact_name_verified,true,exact-package-id -> exact-display-alias -> strict-registry-alias,dynamic,unknown,RuntimeDetect,conditional,false,true,
645,Minikube,VIRTUALIZÁCIÓ / KONTAINEREK,Minikube,,windows,,false,runtime_exact_required,true,exact-package-id -> exact-display-alias -> strict-registry-alias,dynamic,unknown,RuntimeDetect,conditional,false,true,no static package ID; exact runtime source resolution is required before install or uninstall
646,Kubernetes kubectl,VIRTUALIZÁCIÓ / KONTAINEREK,Kubernetes kubectl,,windows,,false,runtime_exact_required,true,exact-package-id -> exact-display-alias -> strict-registry-alias,dynamic,unknown,RuntimeDetect,conditional,false,true,no static package ID; exact runtime source resolution is required before install or uninstall
647,kind,VIRTUALIZÁCIÓ / KONTAINEREK,kind,,windows,,false,exact_name_verified,true,exact-package-id -> exact-display-alias -> strict-registry-alias,dynamic,unknown,RuntimeDetect,conditional,false,true,
648,k3d,VIRTUALIZÁCIÓ / KONTAINEREK,k3d,,windows,,false,exact_name_verified,true,exact-package-id -> exact-display-alias -> strict-registry-alias,dynamic,unknown,RuntimeDetect,conditional,false,true,
649,Portainer Desktop / kapcsolódó kliensek,VIRTUALIZÁCIÓ / KONTAINEREK,Portainer Desktop / kapcsolódó kliensek,,windows,,false,runtime_exact_required,true,exact-package-id -> exact-display-alias -> strict-registry-alias,dynamic,unknown,RuntimeDetect,conditional,false,true,no static package ID; exact runtime source resolution is required before install or uninstall
650,GNS3,HÁLÓZATI / CISCO / IT ESZKÖZÖK,GNS3,,windows,,false,runtime_exact_required,true,exact-package-id -> exact-display-alias -> strict-registry-alias,dynamic,unknown,RuntimeDetect,conditional,false,true,no static package ID; exact runtime source resolution is required before install or uninstall
651,EVE-NG Client Pack,HÁLÓZATI / CISCO / IT ESZKÖZÖK,EVE-NG Client Pack,,windows,,false,runtime_exact_required,true,exact-package-id -> exact-display-alias -> strict-registry-alias,dynamic,unknown,RuntimeDetect,conditional,false,true,no static package ID; exact runtime source resolution is required before install or uninstall
652,KiTTY,HÁLÓZATI / CISCO / IT ESZKÖZÖK,KiTTY,,windows,,false,runtime_exact_required,true,exact-package-id -> exact-display-alias -> strict-registry-alias,dynamic,unknown,RuntimeDetect,conditional,false,true,no static package ID; exact runtime source resolution is required before install or uninstall
653,Angry IP Scanner,HÁLÓZATI / CISCO / IT ESZKÖZÖK,Angry IP Scanner,,windows,,false,exact_name_verified,true,exact-package-id -> exact-display-alias -> strict-registry-alias,dynamic,unknown,RuntimeDetect,conditional,false,true,
654,Advanced IP Scanner,HÁLÓZATI / CISCO / IT ESZKÖZÖK,Advanced IP Scanner,,windows,,false,exact_name_verified,true,exact-package-id -> exact-display-alias -> strict-registry-alias,dynamic,unknown,RuntimeDetect,conditional,false,true,
655,PortQry,HÁLÓZATI / CISCO / IT ESZKÖZÖK,PortQry,,windows,,false,runtime_exact_required,true,exact-package-id -> exact-display-alias -> strict-registry-alias,dynamic,unknown,RuntimeDetect,conditional,false,true,no static package ID; exact runtime source resolution is required before install or uninstall
656,iperf3,HÁLÓZATI / CISCO / IT ESZKÖZÖK,iperf3,,windows,,false,exact_name_verified,true,exact-package-id -> exact-display-alias -> strict-registry-alias,dynamic,unknown,RuntimeDetect,conditional,false,true,
657,OpenSpeedTest,HÁLÓZATI / CISCO / IT ESZKÖZÖK,OpenSpeedTest,,windows,,false,runtime_exact_required,true,exact-package-id -> exact-display-alias -> strict-registry-alias,dynamic,unknown,RuntimeDetect,conditional,false,true,no static package ID; exact runtime source resolution is required before install or uninstall
658,Netcat / Ncat,HÁLÓZATI / CISCO / IT ESZKÖZÖK,Netcat / Ncat,,windows,,false,runtime_exact_required,true,exact-package-id -> exact-display-alias -> strict-registry-alias,dynamic,unknown,RuntimeDetect,conditional,false,true,no static package ID; exact runtime source resolution is required before install or uninstall
659,Solar-PuTTY,HÁLÓZATI / CISCO / IT ESZKÖZÖK,Solar-PuTTY,,windows,,false,runtime_exact_required,true,exact-package-id -> exact-display-alias -> strict-registry-alias,dynamic,unknown,RuntimeDetect,conditional,false,true,no static package ID; exact runtime source resolution is required before install or uninstall
660,Bitvise SSH Client,HÁLÓZATI / CISCO / IT ESZKÖZÖK,Bitvise SSH Client,,windows,,false,exact_name_verified,true,exact-package-id -> exact-display-alias -> strict-registry-alias,dynamic,unknown,RuntimeDetect,conditional,false,true,
661,OpenSSH for Windows,HÁLÓZATI / CISCO / IT ESZKÖZÖK,OpenSSH for Windows,,windows,,false,runtime_exact_required,true,exact-package-id -> exact-display-alias -> strict-registry-alias,dynamic,unknown,SystemComponentUnsupported,unsupported,true,true,no static package ID; exact runtime source resolution is required before install or uninstall
662,MEGA Desktop App,FELHŐ / SZINKRONIZÁLÁS,MEGA Desktop App,,windows,,false,runtime_exact_required,true,exact-package-id -> exact-display-alias -> strict-registry-alias,dynamic,unknown,RuntimeDetect,conditional,false,true,no static package ID; exact runtime source resolution is required before install or uninstall
663,Proton Drive,FELHŐ / SZINKRONIZÁLÁS,Proton Drive,,windows,,false,exact_name_verified,true,exact-package-id -> exact-display-alias -> strict-registry-alias,dynamic,unknown,RuntimeDetect,conditional,false,true,
664,pCloud Drive,FELHŐ / SZINKRONIZÁLÁS,pCloud Drive,,windows,,false,exact_name_verified,true,exact-package-id -> exact-display-alias -> strict-registry-alias,dynamic,unknown,RuntimeDetect,conditional,false,true,
665,Nextcloud Desktop,FELHŐ / SZINKRONIZÁLÁS,Nextcloud Desktop,,windows,,false,runtime_exact_required,true,exact-package-id -> exact-display-alias -> strict-registry-alias,dynamic,unknown,RuntimeDetect,conditional,false,true,no static package ID; exact runtime source resolution is required before install or uninstall
666,Syncthing,FELHŐ / SZINKRONIZÁLÁS,Syncthing,,windows,,false,runtime_exact_required,true,exact-package-id -> exact-display-alias -> strict-registry-alias,dynamic,unknown,RuntimeDetect,conditional,false,true,no static package ID; exact runtime source resolution is required before install or uninstall
667,Resilio Sync,FELHŐ / SZINKRONIZÁLÁS,Resilio Sync,,windows,,false,runtime_exact_required,true,exact-package-id -> exact-display-alias -> strict-registry-alias,dynamic,unknown,RuntimeDetect,conditional,false,true,no static package ID; exact runtime source resolution is required before install or uninstall
668,rclone,FELHŐ / SZINKRONIZÁLÁS,rclone,,windows,,false,exact_name_verified,true,exact-package-id -> exact-display-alias -> strict-registry-alias,dynamic,unknown,RuntimeDetect,conditional,false,true,
669,Cyberduck,FELHŐ / SZINKRONIZÁLÁS,Cyberduck,,windows,,false,exact_name_verified,true,exact-package-id -> exact-display-alias -> strict-registry-alias,dynamic,unknown,RuntimeDetect,conditional,false,true,
670,Mountain Duck,FELHŐ / SZINKRONIZÁLÁS,Mountain Duck,,windows,,false,runtime_exact_required,true,exact-package-id -> exact-display-alias -> strict-registry-alias,dynamic,unknown,RuntimeDetect,conditional,false,true,no static package ID; exact runtime source resolution is required before install or uninstall
671,Box Drive,FELHŐ / SZINKRONIZÁLÁS,Box Drive,,windows,,false,runtime_exact_required,true,exact-package-id -> exact-display-alias -> strict-registry-alias,dynamic,unknown,RuntimeDetect,conditional,false,true,no static package ID; exact runtime source resolution is required before install or uninstall
672,Koofr,FELHŐ / SZINKRONIZÁLÁS,Koofr,,windows,,false,runtime_exact_required,true,exact-package-id -> exact-display-alias -> strict-registry-alias,dynamic,unknown,RuntimeDetect,conditional,false,true,no static package ID; exact runtime source resolution is required before install or uninstall
673,Seafile Client,FELHŐ / SZINKRONIZÁLÁS,Seafile Client,,windows,,false,runtime_exact_required,true,exact-package-id -> exact-display-alias -> strict-registry-alias,dynamic,unknown,RuntimeDetect,conditional,false,true,no static package ID; exact runtime source resolution is required before install or uninstall
674,Bitwarden,JELSZÓ / 2FA / BIZTONSÁG,Bitwarden,,windows,,false,exact_name_verified,true,exact-package-id -> exact-display-alias -> strict-registry-alias,dynamic,unknown,RuntimeDetect,conditional,false,true,
675,1Password,JELSZÓ / 2FA / BIZTONSÁG,1Password,,windows,,false,runtime_exact_required,true,exact-package-id -> exact-display-alias -> strict-registry-alias,dynamic,unknown,RuntimeDetect,conditional,false,true,no static package ID; exact runtime source resolution is required before install or uninstall
676,KeePass,JELSZÓ / 2FA / BIZTONSÁG,KeePass 2,KeePass 2,windows,DominikReichl.KeePass,true,hardcoded_id_verified,true,exact-package-id -> exact-display-alias -> strict-registry-alias,dynamic,unknown,RuntimeDetect,conditional,false,true,
677,KeePassXC,JELSZÓ / 2FA / BIZTONSÁG,KeePassXC,,windows,KeePassXCTeam.KeePassXC,true,hardcoded_id_verified,true,exact-package-id -> exact-display-alias -> strict-registry-alias,dynamic,unknown,RuntimeDetect,conditional,false,true,
678,Proton Pass,JELSZÓ / 2FA / BIZTONSÁG,Proton Pass,,windows,,false,exact_name_verified,true,exact-package-id -> exact-display-alias -> strict-registry-alias,dynamic,unknown,RuntimeDetect,conditional,false,true,
679,Enpass,JELSZÓ / 2FA / BIZTONSÁG,Enpass,,windows,,false,exact_name_verified,true,exact-package-id -> exact-display-alias -> strict-registry-alias,dynamic,unknown,RuntimeDetect,conditional,false,true,
680,Authy,JELSZÓ / 2FA / BIZTONSÁG,Authy,,windows,,false,runtime_exact_required,true,exact-package-id -> exact-display-alias -> strict-registry-alias,dynamic,unknown,RuntimeDetect,conditional,false,true,no static package ID; exact runtime source resolution is required before install or uninstall
681,2FAS,JELSZÓ / 2FA / BIZTONSÁG,2FAS,,windows,,false,runtime_exact_required,true,exact-package-id -> exact-display-alias -> strict-registry-alias,dynamic,unknown,RuntimeDetect,conditional,false,true,no static package ID; exact runtime source resolution is required before install or uninstall
682,Aegis (mobil),JELSZÓ / 2FA / BIZTONSÁG,Aegis (mobil),,windows,,false,runtime_exact_required,true,exact-package-id -> exact-display-alias -> strict-registry-alias,dynamic,unknown,RuntimeDetect,conditional,false,true,no static package ID; exact runtime source resolution is required before install or uninstall
683,Yubico Authenticator,JELSZÓ / 2FA / BIZTONSÁG,Yubico Authenticator,,windows,,false,exact_name_verified,true,exact-package-id -> exact-display-alias -> strict-registry-alias,dynamic,unknown,RuntimeDetect,conditional,false,true,
684,Windows Defender,JELSZÓ / 2FA / BIZTONSÁG,Windows Defender,,windows,,false,runtime_exact_required,true,exact-package-id -> exact-display-alias -> strict-registry-alias,dynamic,unknown,SystemComponentUnsupported,unsupported,true,true,no static package ID; exact runtime source resolution is required before install or uninstall
685,ESET,JELSZÓ / 2FA / BIZTONSÁG,ESET,,windows,,false,runtime_exact_required,true,exact-package-id -> exact-display-alias -> strict-registry-alias,dynamic,unknown,RuntimeDetect,conditional,false,true,no static package ID; exact runtime source resolution is required before install or uninstall
686,Sophos Home,JELSZÓ / 2FA / BIZTONSÁG,Sophos Home,,windows,,false,runtime_exact_required,true,exact-package-id -> exact-display-alias -> strict-registry-alias,dynamic,unknown,RuntimeDetect,conditional,false,true,no static package ID; exact runtime source resolution is required before install or uninstall
687,GlassWire,JELSZÓ / 2FA / BIZTONSÁG,GlassWire,,windows,,false,runtime_exact_required,true,exact-package-id -> exact-display-alias -> strict-registry-alias,dynamic,unknown,RuntimeDetect,conditional,false,true,no static package ID; exact runtime source resolution is required before install or uninstall
688,SimpleWall,JELSZÓ / 2FA / BIZTONSÁG,SimpleWall,,windows,,false,exact_name_verified,true,exact-package-id -> exact-display-alias -> strict-registry-alias,dynamic,unknown,RuntimeDetect,conditional,false,true,
689,Portmaster,JELSZÓ / 2FA / BIZTONSÁG,Portmaster,,windows,,false,exact_name_verified,true,exact-package-id -> exact-display-alias -> strict-registry-alias,dynamic,unknown,RuntimeDetect,conditional,false,true,
690,Slack,EMAIL / KOMMUNIKÁCIÓ,Slack,,windows,,false,exact_name_verified,true,exact-package-id -> exact-display-alias -> strict-registry-alias,dynamic,unknown,RuntimeDetect,conditional,false,true,
691,Signal Desktop,EMAIL / KOMMUNIKÁCIÓ,Signal Desktop,,windows,,false,runtime_exact_required,true,exact-package-id -> exact-display-alias -> strict-registry-alias,dynamic,unknown,RuntimeDetect,conditional,false,true,no static package ID; exact runtime source resolution is required before install or uninstall
692,WhatsApp Desktop,EMAIL / KOMMUNIKÁCIÓ,WhatsApp Desktop,,windows,,false,runtime_exact_required,true,exact-package-id -> exact-display-alias -> strict-registry-alias,dynamic,unknown,RuntimeDetect,conditional,false,true,no static package ID; exact runtime source resolution is required before install or uninstall
693,Viber,EMAIL / KOMMUNIKÁCIÓ,Viber,,windows,,false,exact_name_verified,true,exact-package-id -> exact-display-alias -> strict-registry-alias,dynamic,unknown,RuntimeDetect,conditional,false,true,
694,Element,EMAIL / KOMMUNIKÁCIÓ,Element,,windows,,false,exact_name_verified,true,exact-package-id -> exact-display-alias -> strict-registry-alias,dynamic,unknown,RuntimeDetect,conditional,false,true,
695,Mattermost Desktop,EMAIL / KOMMUNIKÁCIÓ,Mattermost Desktop,,windows,,false,runtime_exact_required,true,exact-package-id -> exact-display-alias -> strict-registry-alias,dynamic,unknown,RuntimeDetect,conditional,false,true,no static package ID; exact runtime source resolution is required before install or uninstall
696,Rocket.Chat Desktop,EMAIL / KOMMUNIKÁCIÓ,Rocket.Chat Desktop,,windows,,false,runtime_exact_required,true,exact-package-id -> exact-display-alias -> strict-registry-alias,dynamic,unknown,RuntimeDetect,conditional,false,true,no static package ID; exact runtime source resolution is required before install or uninstall
697,Thunderbird,EMAIL / KOMMUNIKÁCIÓ,Thunderbird,,windows,,false,runtime_exact_required,true,exact-package-id -> exact-display-alias -> strict-registry-alias,dynamic,unknown,RuntimeDetect,conditional,false,true,no static package ID; exact runtime source resolution is required before install or uninstall
698,Mailspring,EMAIL / KOMMUNIKÁCIÓ,Mailspring,,windows,,false,exact_name_verified,true,exact-package-id -> exact-display-alias -> strict-registry-alias,dynamic,unknown,RuntimeDetect,conditional,false,true,
699,eM Client,EMAIL / KOMMUNIKÁCIÓ,eM Client,,windows,,false,exact_name_verified,true,exact-package-id -> exact-display-alias -> strict-registry-alias,dynamic,unknown,RuntimeDetect,conditional,false,true,
700,Spark Desktop,EMAIL / KOMMUNIKÁCIÓ,Spark Desktop,,windows,,false,exact_name_verified,true,exact-package-id -> exact-display-alias -> strict-registry-alias,dynamic,unknown,RuntimeDetect,conditional,false,true,
701,Proton Mail Bridge,EMAIL / KOMMUNIKÁCIÓ,Proton Mail Bridge,,windows,,false,runtime_exact_required,true,exact-package-id -> exact-display-alias -> strict-registry-alias,dynamic,unknown,RuntimeDetect,conditional,false,true,no static package ID; exact runtime source resolution is required before install or uninstall
702,LibreWolf,BÖNGÉSZŐK,LibreWolf,,windows,,false,exact_name_verified,true,exact-package-id -> exact-display-alias -> strict-registry-alias,dynamic,unknown,RuntimeDetect,conditional,false,true,
703,Floorp,BÖNGÉSZŐK,Floorp,,windows,,false,runtime_exact_required,true,exact-package-id -> exact-display-alias -> strict-registry-alias,dynamic,unknown,RuntimeDetect,conditional,false,true,no static package ID; exact runtime source resolution is required before install or uninstall
704,Waterfox,BÖNGÉSZŐK,Waterfox,,windows,,false,exact_name_verified,true,exact-package-id -> exact-display-alias -> strict-registry-alias,dynamic,unknown,RuntimeDetect,conditional,false,true,
705,Tor Browser,BÖNGÉSZŐK,Tor Browser,,windows,,false,exact_name_verified,true,exact-package-id -> exact-display-alias -> strict-registry-alias,dynamic,unknown,RuntimeDetect,conditional,false,true,
706,Arc,BÖNGÉSZŐK,Arc,,windows,,false,runtime_exact_required,true,exact-package-id -> exact-display-alias -> strict-registry-alias,dynamic,unknown,RuntimeDetect,conditional,false,true,no static package ID; exact runtime source resolution is required before install or uninstall
707,Zen Browser,BÖNGÉSZŐK,Zen Browser,,windows,,false,exact_name_verified,true,exact-package-id -> exact-display-alias -> strict-registry-alias,dynamic,unknown,RuntimeDetect,conditional,false,true,
708,Chromium,BÖNGÉSZŐK,Chromium,,windows,,false,exact_name_verified,true,exact-package-id -> exact-display-alias -> strict-registry-alias,dynamic,unknown,RuntimeDetect,conditional,false,true,
709,Free Download Manager,DOWNLOAD MANAGEREK,Free Download Manager,,windows,,false,exact_name_verified,true,exact-package-id -> exact-display-alias -> strict-registry-alias,dynamic,unknown,RuntimeDetect,conditional,false,true,
710,JDownloader 2,DOWNLOAD MANAGEREK,JDownloader 2,,windows,,false,exact_name_verified,true,exact-package-id -> exact-display-alias -> strict-registry-alias,dynamic,unknown,RuntimeDetect,conditional,false,true,
711,Internet Download Manager,DOWNLOAD MANAGEREK,Internet Download Manager,,windows,,false,runtime_exact_required,true,exact-package-id -> exact-display-alias -> strict-registry-alias,dynamic,unknown,RuntimeDetect,conditional,false,true,no static package ID; exact runtime source resolution is required before install or uninstall
712,Xtreme Download Manager,DOWNLOAD MANAGEREK,Xtreme Download Manager,,windows,,false,exact_name_verified,true,exact-package-id -> exact-display-alias -> strict-registry-alias,dynamic,unknown,RuntimeDetect,conditional,false,true,
713,Motrix,DOWNLOAD MANAGEREK,Motrix,,windows,,false,exact_name_verified,true,exact-package-id -> exact-display-alias -> strict-registry-alias,dynamic,unknown,RuntimeDetect,conditional,false,true,
714,aria2,DOWNLOAD MANAGEREK,aria2,,windows,,false,exact_name_verified,true,exact-package-id -> exact-display-alias -> strict-registry-alias,dynamic,unknown,RuntimeDetect,conditional,false,true,
715,Persepolis Download Manager,DOWNLOAD MANAGEREK,Persepolis Download Manager,,windows,,false,exact_name_verified,true,exact-package-id -> exact-display-alias -> strict-registry-alias,dynamic,unknown,RuntimeDetect,conditional,false,true,
716,yt-dlp,DOWNLOAD MANAGEREK,yt-dlp,,windows,,false,exact_name_verified,true,exact-package-id -> exact-display-alias -> strict-registry-alias,dynamic,unknown,RuntimeDetect,conditional,false,true,
717,Gallery-dl,DOWNLOAD MANAGEREK,Gallery-dl,,windows,,false,runtime_exact_required,true,exact-package-id -> exact-display-alias -> strict-registry-alias,dynamic,unknown,RuntimeDetect,conditional,false,true,no static package ID; exact runtime source resolution is required before install or uninstall
718,Transmission,TORRENT,Transmission,,windows,,false,exact_name_verified,true,exact-package-id -> exact-display-alias -> strict-registry-alias,dynamic,unknown,RuntimeDetect,conditional,false,true,
719,Deluge,TORRENT,Deluge,,windows,,false,runtime_exact_required,true,exact-package-id -> exact-display-alias -> strict-registry-alias,dynamic,unknown,RuntimeDetect,conditional,false,true,no static package ID; exact runtime source resolution is required before install or uninstall
720,BiglyBT,TORRENT,BiglyBT,,windows,,false,exact_name_verified,true,exact-package-id -> exact-display-alias -> strict-registry-alias,dynamic,unknown,RuntimeDetect,conditional,false,true,
721,Tixati,TORRENT,Tixati,,windows,,false,exact_name_verified,true,exact-package-id -> exact-display-alias -> strict-registry-alias,dynamic,unknown,RuntimeDetect,conditional,false,true,
722,Tribler,TORRENT,Tribler,,windows,,false,exact_name_verified,true,exact-package-id -> exact-display-alias -> strict-registry-alias,dynamic,unknown,RuntimeDetect,conditional,false,true,
